pid,c0,c1,c2,c3,c4,c5,c6,p0,p1,p2,p3,p4,p5,p6,r0,r1,r2,r3,r4,r5,r6
010101FK8806,0,0,1,0,0,0,0,0,0,4,1,0,0,0,0,0,1,0,0,0,0
010101FT8006,0,0,0,0,0,0,4,0,0,0,0,0,1,6,0,0,0,0,0,0,2
010101K88P06,0,0,0,1,0,0,0,0,0,0,1,0,0,0,0,0,0,1,0,0,0
010101S19P06,2,0,0,0,0,0,0,2,0,2,0,0,0,0,1,0,0,0,0,0,0
010101T55S12,0,0,0,0,0,0,0,0,0,1,0,2,0,0,0,0,0,0,0,0,0
010102M10E06,5,20,2,3,4,32,52,10,26,4,5,32,89,76,0,4,1,1,1,10,13
010102M19E06,0,0,0,0,0,0,0,2,0,0,0,0,0,0,0,0,0,0,0,0,0
010102M5EA06,0,0,6,1,10,3,6,1,0,13,19,27,10,10,0,0,0,1,4,0,1
010102M80006,0,0,0,0,0,0,0,2,0,0,0,0,0,0,0,0,0,0,0,0,0
010102SAM906,1,0,0,0,3,1,8,3,0,6,0,21,2,18,1,0,0,0,2,1,3
010401RAJOC2000,2,19,27,2,9,5,7,2,25,56,2,13,11,16,0,8,14,1,4,4,6
01AF9P06,0,0,0,0,0,0,0,2,0,0,0,0,0,0,0,0,0,0,0,0,0
01AGRCM3,0,0,0,0,0,0,0,1,0,0,1,0,0,0,0,0,0,0,0,0,0
01D20B06,2,0,0,0,0,0,0,2,0,0,0,0,0,0,0,0,0,0,0,0,0
01FT5002,0,0,0,0,0,0,0,11,0,0,0,0,0,0,0,0,0,0,0,0,0
01FT5006,27,0,0,0,0,0,0,36,1,0,1,1,0,0,12,0,0,0,0,0,0
01FT8006,7,6,0,0,0,0,0,15,7,0,0,0,0,0,3,2,0,0,0,0,0
01MPVA3D,1,0,0,0,0,0,0,1,0,0,0,0,0,0,1,0,0,0,0,0,0
01MPVAFA,0,0,0,0,0,0,0,1,0,0,0,0,0,0,0,0,0,0,0,0,0
01PANT99,26,0,0,0,0,0,0,35,1,1,0,0,0,0,13,0,0,0,0,0,0
01RGB260,0,0,0,0,0,0,0,2,0,2,0,0,0,0,0,0,0,0,0,0,0
01SM1499,0,0,0,0,0,0,0,0,0,0,0,0,0,2,0,0,0,0,0,0,0
01SWM699,1,0,0,0,0,0,0,4,0,0,0,0,0,0,0,0,0,0,0,0,0
01WT5519,6,9,5,2,7,4,4,11,16,9,6,10,8,9,4,2,1,1,2,1,0
01WT5S05,3,3,1,5,0,0,0,6,3,3,12,6,0,0,2,2,1,3,0,0,0
01XCML99,1,0,0,0,0,0,0,1,0,1,0,0,0,0,0,0,0,0,0,0,0
0201050004,0,0,0,0,0,0,0,0,1,0,0,0,0,0,0,0,0,0,0,0,0
020301DQ3546,0,0,0,0,0,0,0,0,0,0,1,0,0,0,0,0,0,0,0,0,0
020401AL2642,0,0,0,0,0,0,0,1,1,0,0,0,0,0,0,0,0,0,0,0,0
020401AW2642,0,0,0,0,0,0,0,0,1,0,0,0,0,0,0,0,0,0,0,0,0
020401BB2635,0,0,0,0,0,0,0,0,0,1,0,0,0,0,0,0,0,0,0,0,0
020403TS0099,0,0,0,0,0,0,0,0,0,3,0,0,0,0,0,0,0,0,0,0,0
02AIRS99,3,3,0,0,0,0,0,4,3,0,0,0,0,0,2,3,0,0,0,0,0
02IPBW99,169,90,130,221,75,58,3,238,114,187,293,106,77,10,71,30,48,93,29,17,2
02THBF99,42,195,410,358,97,51,60,91,312,632,611,186,124,137,19,69,192,143,39,21,23
02THF2I1,0,0,0,4,0,1,0,0,0,0,6,0,2,1,0,0,0,0,0,1,0
030101AS0099,10,0,0,0,0,0,0,25,0,0,0,0,0,0,5,0,0,0,0,0,0
030101DD0099,0,4,1,0,0,0,0,0,4,1,0,0,0,0,0,3,1,0,0,0,0
030101FMAH99,7,3,0,0,0,0,0,10,3,0,0,0,0,0,4,3,0,0,0,0,0
030101FO0099,1,2,6,1,1,1,5,1,3,13,1,1,1,8,1,2,3,0,1,0,5
030101FW0099,0,1,12,0,0,0,0,0,1,17,0,0,0,0,0,1,4,0,0,0,0
030101HC0099,0,7,1,1,0,0,0,0,7,1,1,0,0,0,0,3,0,1,0,0,0
030101IK0499,9,3,5,2,6,0,0,12,3,7,2,15,0,0,4,2,1,1,6,0,0
030101KSLA99,0,2,2,0,0,1,0,0,2,2,0,0,1,0,0,1,1,0,0,1,0
030101LF0099,2,0,0,0,0,0,0,3,0,0,0,0,0,0,2,0,0,0,0,0,0
030101LS0099,87,69,0,12,101,123,47,180,126,0,20,204,176,65,48,40,0,8,63,62,23
030101MED099,0,6,4,4,0,0,0,0,6,4,4,0,0,0,0,1,3,2,0,0,0
030101MN0099,67,68,108,78,33,5,1,157,102,186,120,51,7,2,29,42,54,32,18,2,1
030101MO0007,0,0,0,0,0,0,0,0,0,1,0,0,0,0,0,0,0,0,0,0,0
030101MSW099,0,2,0,0,0,0,0,5,2,0,0,0,0,0,0,1,0,0,0,0,0
030101OGR099,0,0,0,0,0,0,0,0,0,0,3,0,0,0,0,0,0,0,0,0,0
030101RFS0099,0,1,0,0,0,0,0,0,2,0,0,0,0,0,0,1,0,0,0,0,0
030101RH6199,0,0,0,1,2,1,5,0,0,0,1,5,1,5,0,0,0,0,1,0,3
030101WE0099,1,1,0,0,0,0,0,6,2,4,0,0,0,0,0,0,0,0,0,0,0
030102FH0099,7,4,11,0,0,0,0,19,7,15,0,0,0,0,1,2,2,0,0,0,0
030102LD0099,0,0,1,9,0,0,0,0,0,1,9,0,0,0,0,0,1,3,0,0,0
030103RF0099,5,18,0,0,0,0,0,8,22,0,0,0,0,0,3,9,0,0,0,0,0
030103SG0099,260,41,59,19,0,0,0,390,68,86,27,0,0,0,117,21,33,7,0,0,0
030104GZAM999,0,0,0,0,0,155,2,0,0,0,0,0,216,2,0,0,0,0,0,63,1
030104OM0099,0,0,0,0,0,0,0,1,0,0,0,0,0,0,0,0,0,0,0,0,0
030104R36099,0,3,0,0,0,0,0,0,5,0,0,0,0,0,0,3,0,0,0,0,0
030104SH0099,4,24,0,0,0,0,0,4,24,0,0,0,0,0,4,10,0,0,0,0,0
030104UN0099,0,0,1,0,3,0,0,0,0,2,0,4,1,0,0,0,1,0,0,0,0
030106FW0099,1,3,10,4,4,1,0,5,3,14,5,7,2,2,0,0,5,2,4,0,0
030106WF0006,2,1,0,0,0,0,0,4,1,5,0,0,0,0,0,1,0,0,0,0,0
030107BB0099,1,1,9,0,0,0,0,1,1,10,0,0,0,0,0,1,8,0,0,0,0
030107CS0099,0,0,0,0,0,0,0,1,2,1,1,0,0,0,0,0,0,0,0,0,0
030107MS0099,1,0,0,0,0,0,0,1,0,6,0,0,0,0,0,0,0,0,0,0,0
030107MT0099,85,12,8,1,8,2,2,147,15,57,3,10,3,2,53,8,5,1,6,1,2
030107MT0099C531,1,0,0,0,0,0,2,2,0,0,0,1,0,2,0,0,0,0,0,0,1
030107SC0099,1751,3344,4270,2093,242,220,137,1777,3381,4379,2110,292,360,244,902,1577,1893,990,98,132,61
030107ZG0099,3,1,1,3,6,2,0,3,1,2,12,7,2,0,2,0,1,1,3,2,0
030108DW0005,0,0,0,0,0,0,0,0,1,0,0,0,0,0,0,0,0,0,0,0,0
030108DW0007,0,0,0,0,0,0,0,0,0,0,1,0,0,0,0,0,0,0,0,0,0
030201LD0099,18,0,0,0,0,0,0,34,0,0,0,0,0,0,10,0,0,0,0,0,0
030202HM0099,0,0,1,0,0,0,0,2,0,4,0,0,0,0,0,0,1,0,0,0,0
030302AA0002,0,0,0,0,12,26,0,0,0,0,0,17,43,0,0,0,0,0,5,10,0
030402101E99,0,0,2,0,0,0,0,0,0,2,0,0,0,0,0,0,1,0,0,0,0
030402CV0099,2,7,6,5,2,0,0,2,7,7,11,2,0,0,1,7,5,3,0,0,0
030402DS0099,13,6,7,0,3,0,1,22,7,9,1,5,0,1,7,4,1,0,0,0,1
030402FFC099,3,3,0,0,0,0,0,4,4,2,0,0,0,0,2,1,0,0,0,0,0
030402FI0099,1,17,0,0,0,0,0,1,17,0,0,0,0,0,1,8,0,0,0,0,0
030402KA0099,0,0,0,0,0,0,0,1,0,0,0,0,0,0,0,0,0,0,0,0,0
030402KC0099,1,0,1,0,5,4,0,4,1,2,1,7,4,0,1,0,1,0,3,0,0
030402MN0099,35,9,0,0,0,0,0,45,26,0,0,0,0,0,15,4,0,0,0,0,0
030402MS3099,21,1,0,0,0,0,0,29,1,0,0,0,0,0,16,0,0,0,0,0,0
030402SU0099,3,16,0,0,0,0,0,6,16,0,0,0,0,0,2,6,0,0,0,0,0
030402TLRK99,0,1,0,0,0,0,0,0,2,0,1,0,0,0,0,1,0,0,0,0,0
030402VE0099,1,0,0,0,0,0,0,1,0,0,0,0,0,0,1,0,0,0,0,0,0
032YFT99,0,3,0,2,2,5,0,3,3,1,6,5,8,2,0,1,0,1,2,2,0
033CD099,0,1,25,31,4,0,0,0,3,37,47,6,0,0,0,1,10,13,2,0,0
033PAK99,0,0,0,0,0,1,0,0,0,0,0,0,1,0,0,0,0,0,0,0,0
033ST099,67,218,696,538,735,344,287,110,379,1143,875,1262,541,399,43,120,421,361,456,252,183
034PDB05,4,2,0,0,0,0,0,5,2,5,0,0,0,0,0,2,0,0,0,0,0
034PDB07,4,0,0,0,0,0,0,6,0,0,0,0,0,0,4,0,0,0,0,0,0
034PDB24,5,2,0,0,0,0,0,5,2,3,0,0,0,0,5,2,0,0,0,0,0
034PDB29,2,3,1,0,0,0,0,6,3,2,0,0,0,0,0,0,1,0,0,0,0
034PWT99,0,0,0,0,3,0,1,0,0,0,0,3,0,1,0,0,0,0,2,0,0
035ST099,0,0,0,3,0,1,0,0,0,0,6,0,1,0,0,0,0,2,0,1,0
03BACO99,76,37,55,3,0,1,1,110,88,97,8,0,1,1,55,20,40,0,0,0,0
03CC2IN1,0,0,0,0,0,0,0,0,0,0,1,0,0,0,0,0,0,0,0,0,0
03CISK02,36,8,0,0,0,0,0,37,8,0,0,0,0,0,19,4,0,0,0,0,0
03COCO99,47,0,0,0,0,1,0,49,0,0,0,0,1,1,10,0,0,0,0,1,0
03CP2V02,2,5,2,0,0,0,0,2,5,3,0,0,0,0,2,0,0,0,0,0,0
03CP8V02,2,4,1,0,0,0,0,3,4,1,0,0,0,0,1,3,1,0,0,0,0
03CRWO99,3,0,0,0,0,0,0,3,0,0,0,0,0,0,1,0,0,0,0,0,0
03CUVE99,3,2,0,4,0,1,0,7,2,0,6,1,1,1,2,1,0,3,0,1,0
03DC2M10,0,0,0,0,0,0,5,0,0,0,0,0,3,11,0,0,0,0,0,0,2
03DCF816,0,0,0,0,0,0,0,0,1,2,6,0,0,0,0,0,0,0,0,0,0
03DCSS99,4,2,1,7,2,5,0,4,2,2,11,3,7,0,1,1,1,4,0,3,0
03DDPE99,0,0,0,0,0,42,206,0,0,0,0,0,66,327,0,0,0,0,0,26,137
03DONU99,0,19,17,0,0,0,0,0,19,21,0,0,0,0,0,12,11,0,0,0,0
03DSPAK0,0,0,1,0,2,1,1,0,0,2,11,8,2,1,0,0,0,0,2,0,1
03DSPI99,405,346,732,842,832,445,316,666,586,1132,1292,1286,740,494,233,229,446,494,552,307,192
03FPPVFM,0,0,0,0,0,3,3,0,0,0,0,0,8,3,0,0,0,0,0,0,2
03GLRM99,251,569,479,113,0,0,0,266,576,496,117,0,0,0,118,228,199,55,0,0,0
03HH0099,5,0,0,0,0,0,0,14,0,0,0,0,0,0,4,0,0,0,0,0,0
03HPWA99,13,197,277,1091,560,1056,1719,13,199,286,1094,562,1076,1760,8,83,111,469,243,472,738
03HSSM99,0,0,0,0,3,6,0,0,0,0,0,4,7,0,0,0,0,0,2,0,0
03HTMS99,0,3,0,0,0,0,0,0,3,0,0,0,0,0,0,3,0,0,0,0,0
03ITDG99,43,105,115,0,0,2,11,44,107,125,0,0,7,14,25,47,49,0,0,0,4
03JXSS99,112,71,34,82,1,0,16,177,99,52,104,5,0,35,43,28,12,49,0,0,8
03JY6009,5,6,0,0,0,0,0,5,16,0,0,0,0,0,2,2,0,0,0,0,0
03LASC99,1,12,0,0,0,0,0,2,15,0,0,0,0,0,0,3,0,0,0,0,0
03LH4199,1,1,0,0,0,0,0,1,1,1,0,3,1,0,0,1,0,0,0,0,0
03MASP02,7,0,0,0,0,0,0,11,0,0,0,0,0,0,6,0,0,0,0,0,0
03MCDR99,4,3,135,187,1,0,0,7,3,189,250,3,0,0,4,3,66,76,0,0,0
03MCLC99,3,23,18,0,0,0,0,3,23,19,0,0,0,0,1,14,11,0,0,0,0
03MDCD99,37,0,0,0,0,0,0,46,0,0,0,0,0,0,14,0,0,0,0,0,0
03MF3IN1,2,0,0,0,0,0,0,5,0,1,1,0,0,0,2,0,0,0,0,0,0
03MFES99,5,2,0,0,0,0,0,5,2,0,0,0,0,0,3,1,0,0,0,0,0
03MKBS99,0,0,0,75,81,25,28,0,0,0,121,175,41,40,0,0,0,34,45,18,12
03MMZB99,6,0,0,0,0,0,0,12,0,0,0,0,0,0,3,0,0,0,0,0,0
03MOP3I1,0,0,0,2,1,1,4,0,0,0,4,1,1,7,0,0,0,2,1,0,3
03MS6IN1,1279,689,45,13,16,1,1,1746,882,63,15,18,1,1,731,375,24,6,10,0,0
03MSMSMB,0,21,144,22,32,0,0,0,32,292,22,34,0,0,0,11,70,16,13,0,0
03MUCU99,0,1,0,0,0,0,0,0,1,0,0,0,0,0,0,0,0,0,0,0,0
03NONM99,57,0,0,0,0,0,0,156,0,0,0,0,0,0,20,0,0,0,0,0,0
03OCTF99,0,0,0,0,0,0,0,1,0,0,1,0,0,0,0,0,0,0,0,0,0
03RCLL99,0,0,0,0,0,0,0,1,0,0,0,0,0,0,0,0,0,0,0,0,0
03REMT99,0,0,0,175,1009,25,32,0,0,0,250,1611,35,37,0,0,0,108,480,14,20
03ROCK99,0,0,0,0,102,138,28,0,0,0,0,144,295,64,0,0,0,0,65,83,17
03RSCS06,0,0,57,199,42,69,62,0,0,100,298,67,113,104,0,0,28,103,17,40,29
03RSTO99,260,140,0,40,143,41,30,329,187,0,52,222,58,47,161,79,0,18,79,25,15
03SGCM99,0,1,0,0,0,0,0,1,1,0,0,0,0,0,0,1,0,0,0,0,0
03SHCA99,416,526,348,620,123,156,364,629,725,609,882,182,283,619,223,232,169,301,46,74,169
03SMBX99,1104,972,0,0,0,0,0,1116,981,0,0,0,0,0,597,474,0,0,0,0,0
03SMST99,0,0,0,0,0,0,0,1,0,0,0,0,0,0,0,0,0,0,0,0,0
03SOML99,6,0,0,0,0,6,3,6,0,0,0,1,8,7,0,0,0,0,0,6,2
03SRS099,4,0,0,0,31,64,6,11,0,0,0,36,71,6,4,0,0,0,11,41,1
03SS0099,662,167,64,26,1,1,4,1204,340,127,30,1,3,4,205,45,14,13,1,0,1
03SSML99,0,0,0,0,0,0,0,3,3,0,0,2,1,3,0,0,0,0,0,0,0
03SSSL99,21,6,0,0,0,0,0,27,7,0,0,0,0,0,16,4,0,0,0,0,0
03SVC6TP,16,3,0,0,0,0,0,23,4,0,0,0,0,0,1,2,0,0,0,0,0
03SW48I1,0,1,1,0,0,0,0,2,1,1,0,0,0,0,0,1,0,0,0,0,0
03SW8130,914,896,848,823,257,120,293,1498,1370,1417,1282,391,182,520,425,384,349,350,111,54,129
03SWBS99,0,0,0,0,0,0,0,1,0,3,1,0,0,0,0,0,0,0,0,0,0
03SWS1P99,0,5,1,0,0,0,1,0,5,1,0,0,0,4,0,0,1,0,0,0,1
03SWS4P99,0,0,1,0,1,1,0,0,0,53,6,3,1,1,0,0,1,0,1,0,0
03SWS6P99,0,0,0,0,0,0,0,0,0,0,6,7,2,7,0,0,0,0,0,0,0
03TATB99,0,1,0,0,0,0,0,0,1,0,0,0,0,0,0,1,0,0,0,0,0
03TGCR99,0,0,0,0,0,0,0,0,0,0,0,0,0,1,0,0,0,0,0,0,0
03TRGF99,1,0,0,0,0,0,1,1,0,0,0,0,0,2,0,0,0,0,0,0,0
03ULAL06,3,1,6,1,30,31,8,3,7,19,1,44,52,11,3,1,2,0,21,11,5
03ULAL206,60,1,49,28,4,8,2,162,1,60,31,4,9,3,21,1,29,19,2,7,2
03UMZU99,1,0,4,0,0,0,0,2,0,5,0,0,0,0,1,0,4,0,0,0,0
03USBP99,20,0,0,0,0,0,0,39,0,0,0,0,0,0,13,0,0,0,0,0,0
03USTW02,18,4,2,4,0,0,1,36,6,11,8,2,0,1,7,2,0,2,0,0,1
03WASF99,0,0,0,6,44,38,58,0,0,0,9,68,72,97,0,0,0,3,26,24,19
03WH2IN1,3,2,0,0,0,0,0,4,3,3,2,3,1,0,2,0,0,0,0,0,0
03WLHB97,7,4,46,320,125,40,44,8,6,132,438,183,52,65,5,0,34,193,70,27,25
03WT2IN1,109,26,42,155,344,554,247,151,38,84,229,841,860,394,59,17,29,95,205,382,152
03WT4IN1,728,1698,3179,2854,2686,1390,1054,738,1719,3252,2880,2754,1401,1088,343,799,1462,1289,1167,634,495
03XPPI05,1,0,0,0,0,0,0,3,0,0,0,0,0,0,1,0,0,0,0,0,0
03YYD218,0,1,0,0,0,0,0,0,1,0,0,0,0,0,0,1,0,0,0,0,0
03ZSWY01,3,1,1,0,0,0,0,3,2,1,0,0,0,0,2,1,1,0,0,0,0
040102RF0099,0,0,0,0,0,0,0,6,0,0,0,0,0,0,0,0,0,0,0,0,0
040103SB0099,33,0,0,2,2,4,0,43,0,0,4,3,13,1,10,0,0,1,2,1,0
040103SC0099,0,0,0,0,0,0,0,0,1,0,0,0,0,0,0,0,0,0,0,0,0
040104GB0030,5,0,0,0,0,0,0,7,0,0,0,0,0,0,1,0,0,0,0,0,0
040107CH0099,0,2,0,0,13,29,0,0,2,0,0,17,42,0,0,1,0,0,3,4,0
040107HACP99,0,0,0,0,0,0,0,0,0,0,1,0,0,0,0,0,0,0,0,0,0
040107HDBD99,3,18,0,0,2,1,13,4,33,0,0,2,1,15,1,9,0,0,2,0,5
040107MA0099,0,0,0,0,0,0,0,0,0,2,4,0,0,0,0,0,0,0,0,0,0
040107MET099,1,0,0,0,0,0,0,1,1,1,1,0,0,0,1,0,0,0,0,0,0
040107MG0099,1,0,0,0,0,0,0,2,0,1,0,0,0,0,1,0,0,0,0,0,0
040107OC0406,1,1,0,0,0,0,1,1,2,1,0,0,0,1,0,0,0,0,0,0,1
040107OC0506,3,0,0,0,0,0,0,3,0,0,0,0,0,0,1,0,0,0,0,0,0
040107TBFB99,5,0,0,0,0,0,0,8,0,0,0,0,0,0,3,0,0,0,0,0,0
040108MAGU99,0,0,0,0,0,0,0,1,0,5,0,0,0,0,0,0,0,0,0,0,0
040108MK0099,7,2,5,5,2,4,1,17,4,8,7,3,9,4,7,1,1,3,0,1,1
040108MMS099,51,9,5,10,4,0,0,57,39,12,15,4,0,0,50,6,2,4,1,0,0
040108NM0099,0,8,0,0,0,0,0,0,12,0,0,0,0,0,0,5,0,0,0,0,0
040108NML099,1,0,2,0,1,1,0,2,0,5,0,1,2,0,1,0,0,0,1,1,0
040108RM0099,19,2,4,0,0,0,0,19,2,11,0,1,1,0,10,2,3,0,0,0,0
040110EC0099,137,0,0,0,0,0,0,138,0,0,0,0,0,0,76,0,0,0,0,0,0
040301EA0099,0,3,0,0,0,0,0,0,3,0,0,0,0,0,0,2,0,0,0,0,0
040301EGBL54,2,1,3,6,1,3,1,2,1,4,7,2,9,4,2,0,1,2,1,3,1
040301EGDB71,3,2,0,3,6,0,0,6,2,2,4,7,0,0,3,2,0,2,4,0,0
040301EGTU53,0,1,0,0,0,0,0,0,1,0,1,0,0,0,0,1,0,0,0,0,0
040304AS0099,0,0,0,0,1,0,0,0,0,0,0,1,0,0,0,0,0,0,0,0,0
040305KS0099,0,1,0,3,6,0,0,0,1,1,4,6,0,0,0,1,0,2,3,0,0
040305PB0099,5,1,0,1,0,1,0,6,1,36,6,1,6,2,3,1,0,1,0,1,0
040305PSA099,1,1,2,0,0,0,0,1,2,2,0,0,0,0,1,0,0,0,0,0,0
040305WD0099,29,11,2,0,0,0,0,66,18,5,0,0,0,0,13,5,1,0,0,0,0
040501BN0099,0,0,2,11,10,0,0,0,0,2,11,12,0,0,0,0,0,5,3,0,0
040501TI0099,0,0,0,0,0,0,0,0,2,0,0,0,0,0,0,0,0,0,0,0,0
043FSK99,0,0,1,0,0,0,0,0,0,1,0,0,0,0,0,0,1,0,0,0,0
044XLL99,0,0,0,0,0,0,0,1,0,0,0,0,0,0,0,0,0,0,0,0,0
044XLX99,0,0,1,0,0,0,0,0,0,3,5,0,0,0,0,0,1,0,0,0,0
04BC0299,3,0,2,5,4,0,1,3,0,2,8,6,0,2,1,0,1,1,2,0,0
04BC0399,4,0,0,3,3,3,2,4,0,0,8,5,5,3,4,0,0,3,0,1,1
04BC0499,0,1,0,1,0,0,1,1,1,1,1,0,0,3,0,0,0,1,0,0,0
04BC0599,1,0,1,1,3,6,3,1,0,1,3,3,6,3,1,0,1,1,0,6,2
04BC0699,1,0,0,0,2,0,1,1,0,3,3,2,1,1,0,0,0,0,0,0,1
04BZ3562,0,0,0,0,0,4,9,0,0,5,0,0,6,16,0,0,0,0,0,3,5
04BZT999,0,0,0,0,0,0,0,1,0,2,0,0,0,0,0,0,0,0,0,0,0
04CH8028,0,0,0,7,9,7,2,0,0,0,12,10,19,3,0,0,0,7,5,5,1
04EPMC99,0,0,0,0,0,0,1,0,0,0,0,0,0,5,0,0,0,0,0,0,0
04F18KGP,41,39,14,10,10,27,4,58,59,26,18,35,36,13,17,22,6,6,4,8,2
04FC0499,8,4,0,0,0,0,0,9,6,0,0,0,0,0,5,1,0,0,0,0,0
04FC0699,0,3,0,1,1,5,3,2,6,17,23,4,7,4,0,0,0,0,1,1,2
04FFHR99,1,11,12,9,6,5,6,1,12,12,14,9,6,8,0,7,6,2,3,3,5
04FLWB99,0,0,0,0,0,0,0,1,0,0,0,0,0,0,0,0,0,0,0,0,0
04FP0099,0,0,0,0,0,0,0,0,1,5,0,0,0,0,0,0,0,0,0,0,0
04FSA099,0,0,3,0,0,0,0,0,0,3,0,0,0,0,0,0,1,0,0,0,0
04FSA0I3,0,1,0,0,0,0,0,0,1,1,0,0,0,0,0,1,0,0,0,0,0
04FSFK99,0,30,8,0,0,0,0,0,31,8,0,0,0,0,0,13,5,0,0,0,0
04GPPG01,7,0,1,0,0,0,0,12,0,2,0,0,0,0,3,0,1,0,0,0,0
04HDVW99,2,113,144,108,0,0,0,6,199,287,175,0,0,0,2,53,58,64,0,0,0
04KKC099,1,2,0,0,0,0,0,2,5,4,0,0,0,0,0,0,0,0,0,0,0
04KSSM99,9,8,7,0,0,0,0,11,14,8,0,0,0,0,6,7,5,0,0,0,0
04LUMA99,1,1,2,0,0,0,0,1,2,4,0,0,0,0,1,1,2,0,0,0,0
04MAKP99,4,0,1,0,0,0,0,9,2,1,0,0,0,0,2,0,1,0,0,0,0
04MC0299,0,0,0,0,0,0,0,0,0,2,1,0,0,0,0,0,0,0,0,0,0
04MC0399,1,1,0,2,6,3,0,1,1,0,2,8,4,1,0,1,0,0,3,1,0
04MC0499,0,1,0,0,0,0,0,0,1,3,0,0,0,0,0,1,0,0,0,0,0
04MFSP99,0,0,0,0,0,0,0,2,0,0,0,0,0,0,0,0,0,0,0,0,0
04MFSST9,0,0,0,0,0,0,17,0,0,0,0,0,0,24,0,0,0,0,0,0,10
04N2XL99,1,0,0,0,0,0,0,7,0,3,0,0,0,0,0,0,0,0,0,0,0
04N3XL99,1,2,0,0,0,0,0,4,4,3,0,0,0,0,0,2,0,0,0,0,0
04N3XS99,1,7,10,6,0,0,0,2,9,21,15,0,0,0,0,5,5,4,0,0,0
04NOBL99,5,3,1,0,0,0,0,12,4,2,0,0,0,0,1,2,1,0,0,0,0
04NOBP99,15,0,0,0,0,0,0,31,0,0,0,0,0,0,12,0,0,0,0,0,0
04NOXL99,2,2,0,0,0,0,0,7,3,1,2,0,0,0,1,1,0,0,0,0,0
04NSBF99,1,4,0,0,0,0,0,1,8,0,0,0,0,0,1,1,0,0,0,0,0
04PCRN06,1,0,0,0,0,0,0,2,0,1,0,0,0,0,0,0,0,0,0,0,0
04PVRC99,0,0,0,0,0,0,0,2,1,1,0,0,0,0,0,0,0,0,0,0,0
04SC0299,2,1,0,0,0,0,0,3,28,70,0,0,0,0,1,0,0,0,0,0,0
04SC0399,1,0,0,0,0,0,0,1,1,1,0,0,0,0,1,0,0,0,0,0,0
04SC0499,0,1,2,0,0,0,0,0,3,2,0,0,0,0,0,0,1,0,0,0,0
04SC0699,0,0,0,0,0,0,0,0,0,2,1,0,0,0,0,0,0,0,0,0,0
04SFMH99,0,2,0,0,0,0,0,0,4,0,0,0,0,0,0,1,0,0,0,0,0
04STEX99,2,2,0,0,0,0,0,3,2,0,0,0,0,0,1,1,0,0,0,0,0
04SVSW99,0,1,1,0,0,1,1,0,1,1,0,0,1,1,0,0,0,0,0,1,0
04VGR071,262,203,148,89,197,52,72,521,229,157,95,422,77,109,111,74,64,41,80,24,27
04WUAC99,0,15,1,0,0,0,0,0,20,2,0,0,0,0,0,6,1,0,0,0,0
04XN8030,0,3,1,0,0,0,0,0,3,1,0,0,0,0,0,1,0,0,0,0,0
04YESFAL,99,584,33,52,32,23,24,186,827,64,105,56,54,42,61,276,18,17,12,10,11
04YFFBFH,0,1,32,11,15,4,2,0,1,61,25,16,10,5,0,1,22,6,7,2,1
050101ALLO99,1,1,1,4,1,0,0,3,1,1,10,1,1,0,1,0,0,3,0,0,0
050101CHFC99,0,0,0,0,0,0,0,0,1,0,1,0,0,0,0,0,0,0,0,0,0
050101CV0099,0,0,0,0,0,0,1,0,0,0,0,0,0,1,0,0,0,0,0,0,0
050101FIES99,0,1,0,2,0,0,0,0,1,0,4,0,0,0,0,0,0,1,0,0,0
050101FL0099,132,77,327,171,97,34,46,176,138,479,242,149,43,61,76,47,160,91,55,19,15
050101MASK01,0,0,0,0,0,0,0,0,0,2,0,0,0,0,0,0,0,0,0,0,0
050101MASK06,1,0,0,0,0,0,0,1,0,0,2,0,0,0,0,0,0,0,0,0,0
050101MASK99,0,0,0,0,0,0,0,0,0,2,1,0,0,0,0,0,0,0,0,0,0
050101SKUL99,2,0,0,0,0,0,0,2,0,0,0,0,0,0,1,0,0,0,0,0,0
050101URMM99,3,8,3,13,6,9,23,3,9,4,17,6,14,25,1,4,1,9,3,6,9
050102FI0099,0,0,0,0,0,0,0,3,0,0,1,0,0,0,0,0,0,0,0,0,0
050102M50099,0,0,0,0,2,2,2,0,0,0,1,4,2,2,0,0,0,0,1,2,1
050102TI0099,16,35,0,40,0,0,0,16,35,1,53,0,0,11,16,35,0,14,0,0,0
050103BL0099,2,4,0,0,0,0,0,2,6,3,0,0,0,0,1,4,0,0,0,0,0
050103UNIV06,4,0,0,0,0,0,0,5,2,2,0,0,0,0,2,0,0,0,0,0,0
050106GAYP99,0,1,0,0,1,0,0,0,1,1,8,3,0,0,0,1,0,0,0,0,0
050201INST99,0,0,0,2,0,0,0,1,0,6,3,0,0,0,0,0,0,1,0,0,0
050201OP0099,0,0,0,0,0,0,0,3,0,0,0,0,0,0,0,0,0,0,0,0,0
050201TRAI99,0,0,0,0,0,0,0,0,0,0,1,0,0,0,0,0,0,0,0,0,0
050202RO0099,0,0,0,0,0,0,0,2,1,4,0,0,0,0,0,0,0,0,0,0,0
050202SHAk99,0,0,0,0,0,0,0,0,0,1,0,0,0,0,0,0,0,0,0,0,0
050301AS0014,2,14,1,0,0,0,0,4,29,2,0,0,0,0,2,5,1,0,0,0,0
050301BUIL99,0,0,0,0,0,0,0,0,0,0,1,0,0,0,0,0,0,0,0,0,0
050301DIRM99,0,0,1,0,2,0,1,7,0,5,2,3,2,1,0,0,1,0,1,0,0
050301FL0099,525,392,1152,419,254,94,10,698,572,1763,651,394,167,32,270,155,591,200,103,44,6
050301HO0099,0,0,19,1,1,0,0,1,0,31,8,3,0,1,0,0,2,0,1,0,0
050301MTE399,0,0,0,0,0,0,0,0,0,0,4,0,0,0,0,0,0,0,0,0,0
050301MTS099,0,0,0,0,0,0,0,1,1,1,9,0,0,0,0,0,0,0,0,0,0
050301PACE99,2,1,0,0,0,0,0,2,1,1,1,0,0,0,0,0,0,0,0,0,0
050301PAND99,0,0,0,0,0,0,0,0,0,0,1,0,0,0,0,0,0,0,0,0,0
050301PI0099,0,0,0,0,0,0,0,1,3,22,0,0,0,0,0,0,0,0,0,0,0
050301PP0099,2,1,2,1,1,2,0,6,1,2,4,3,3,0,2,1,0,1,0,2,0
050301RA0099,0,0,0,0,0,0,0,0,0,0,1,0,0,0,0,0,0,0,0,0,0
050301RK0099,1,3,0,1,1,0,1,6,4,1,6,1,2,2,1,1,0,1,0,0,0
050301SA0001,0,0,0,0,0,0,0,0,0,0,0,0,2,2,0,0,0,0,0,0,0
050301SA0099,0,2,0,0,0,1,0,0,2,0,1,1,1,1,0,2,0,0,0,0,0
050301SK0099,0,0,0,0,0,0,0,0,0,0,1,0,0,0,0,0,0,0,0,0,0
050301SMAR99,0,0,1,0,0,0,0,1,1,6,0,2,1,0,0,0,1,0,0,0,0
050301VOLC99,0,0,0,0,0,0,0,2,0,2,2,0,0,0,0,0,0,0,0,0,0
050301WT0099,0,1,0,2,1,0,0,0,4,2,4,1,2,0,0,0,0,2,0,0,0
050302GE0099,0,0,0,0,0,0,0,0,1,1,0,0,0,0,0,0,0,0,0,0,0
050302la0099,0,0,0,0,0,0,0,0,0,0,1,0,0,0,0,0,0,0,0,0,0
05033MGS099,2,5,0,0,0,0,0,22,6,1,0,0,0,0,1,5,0,0,0,0,0
050401EN0099,0,0,0,0,0,0,0,0,0,0,1,0,0,0,0,0,0,0,0,0,0
050401MT0099,3,5,8,0,0,0,0,5,11,13,0,1,0,0,2,5,8,0,0,0,0
050401MULT99,0,0,0,0,0,0,0,0,0,0,1,0,0,0,0,0,0,0,0,0,0
050401PENN99,0,0,0,0,0,0,0,0,0,2,0,0,0,0,0,0,0,0,0,0,0
050401PS0099,296,3,4,6,6,3,12,522,3,4,8,8,5,20,204,3,4,5,5,3,12
050401ROLL99,8,8,0,0,0,0,0,14,9,1,0,0,0,0,7,5,0,0,0,0,0
050401TB0099,0,0,0,0,0,0,0,0,0,0,1,0,0,0,0,0,0,0,0,0,0
050401TI0099,10,1,0,0,12,0,0,24,1,0,0,31,0,0,6,1,0,0,1,0,0
050501BO0099,4,1,4,3,2,4,3,5,1,4,10,5,5,3,2,0,1,1,1,1,0
050501INFA99,0,0,0,0,0,0,0,0,0,4,0,0,0,0,0,0,0,0,0,0,0
050501MO0099,0,0,0,0,0,0,0,0,0,0,1,0,0,0,0,0,0,0,0,0,0
050502CLEV99,0,0,0,0,0,0,0,0,0,0,1,0,0,0,0,0,0,0,0,0,0
050601BE0007,0,1,47,0,0,0,0,0,1,58,0,0,0,0,0,1,38,0,0,0,0
050601TACT99,1,0,0,0,0,0,0,10,2,2,0,0,0,0,1,0,0,0,0,0,0
050701FM0099,918,0,5,1771,1999,999,0,964,0,5,1778,2006,1001,0,470,0,2,787,889,506,0
050801DI0099,0,0,0,0,0,0,0,1,0,0,0,0,0,0,0,0,0,0,0,0,0
050801MASK06,0,0,0,0,0,0,0,2,0,0,0,0,0,0,0,0,0,0,0,0,0
050901CH0030,4,0,0,0,0,0,0,7,0,0,0,0,0,0,2,0,0,0,0,0,0
050901FSix99,1,0,0,0,0,0,0,11,0,0,0,0,0,0,1,0,0,0,0,0,0
050901GP0030,33,0,0,0,0,0,0,84,0,0,0,0,0,0,6,0,0,0,0,0,0
050901NL0099,200,135,3,59,2,274,371,306,237,9,142,3,447,676,107,63,2,25,2,159,203
05AEAI99,1,1,0,0,0,0,0,1,2,1,0,0,0,0,1,0,0,0,0,0,0
05CPG099,9,3,0,0,0,0,0,9,4,0,0,0,0,0,3,3,0,0,0,0,0
05EBBS99,0,0,0,0,0,6,13,0,0,0,0,1,6,14,0,0,0,0,0,3,7
05MPBB99,0,2,0,0,0,0,0,4,3,0,0,0,0,0,0,0,0,0,0,0,0
05TTBS99,213,91,32,69,188,178,27,411,175,72,244,359,354,88,95,31,12,43,87,77,12
05WOPG99,1,0,0,1,1,0,1,5,2,2,4,2,3,2,0,0,0,1,0,0,0
06AQST99,0,0,0,0,0,0,0,1,4,0,3,3,0,0,0,0,0,0,0,0,0
06AWDM06,3,1,12,8,0,0,0,6,2,16,14,0,2,0,3,0,9,5,0,0,0
06CSMG99,8,4,12,5,4,1,0,12,11,27,12,17,1,0,7,0,5,2,1,0,0
06HSSM02,1,0,0,104,481,235,196,4,0,0,186,1101,705,335,0,0,0,46,177,72,86
06PETG99,0,0,0,0,0,0,0,0,1,1,0,0,0,0,0,0,0,0,0,0,0
06QAAC02,0,2,2,11,94,168,273,0,3,4,18,218,292,363,0,0,0,5,16,45,62
07ACCC99,13,0,0,0,0,0,0,25,0,6,0,0,0,0,4,0,0,0,0,0,0
07BFCT100,0,0,0,0,0,0,0,0,0,0,0,0,0,1,0,0,0,0,0,0,0
07BTOA99,655,575,760,356,420,95,12,1139,1011,1327,573,730,192,19,315,259,361,180,200,54,7
07CB0099,1,0,4,75,0,0,4,1,0,7,137,0,0,7,0,0,4,30,0,0,0
07DHVF99,0,0,0,3,3,0,1,0,1,0,3,3,1,2,0,0,0,0,1,0,1
07DHVF99C531,0,0,0,0,0,0,0,0,0,0,1,0,0,0,0,0,0,0,0,0,0
07DSFC99,2,0,0,0,0,0,0,3,0,0,0,0,0,0,1,0,0,0,0,0,0
07FCSV99,2,1,8,0,0,0,0,3,4,10,0,0,0,0,0,1,6,0,0,0,0
07FDCS99,336,1,0,0,0,0,0,492,3,0,0,0,0,0,44,1,0,0,0,0,0
07HFTB99,2,0,0,0,0,0,0,4,3,0,0,0,0,0,1,0,0,0,0,0,0
07LSFR99,1,0,0,0,0,0,0,3,0,0,0,0,0,0,1,0,0,0,0,0,0
07MCFM99,0,1,1,1,0,2,0,0,1,1,1,1,3,0,0,1,0,1,0,0,0
07MFWL99,0,0,0,0,0,0,0,0,0,1,0,0,0,0,0,0,0,0,0,0,0
07SB0099,423,510,1623,217,156,65,94,702,744,2447,307,251,95,105,211,262,978,107,79,37,37
07SCTO99,1,0,4,23,0,0,0,1,0,4,29,0,0,0,0,0,2,6,0,0,0
08BCTT99,0,1,0,0,0,0,0,0,2,1,0,0,0,0,0,0,0,0,0,0,0
08BT0099,185,238,412,245,409,1441,1139,294,336,536,333,526,1838,1501,115,145,223,145,214,668,524
08EMSF06,119,14,1,0,3,1,0,181,26,3,0,4,2,1,59,5,1,0,2,0,0
08TRBA99,0,0,0,0,0,0,0,1,0,0,1,1,0,0,0,0,0,0,0,0,0
08ZADO99,0,0,0,0,0,0,0,4,0,0,2,0,0,0,0,0,0,0,0,0,0
CA2251,2,0,0,0,0,0,0,5,0,0,0,0,0,0,1,0,0,0,0,0,0
EG0010601X2X33600R,0,0,0,0,0,26,118,0,0,0,0,0,45,194,0,0,0,0,0,9,37
EG0101010X00,1,15,12,1,1,0,3,10,31,18,1,1,0,4,1,4,4,1,0,0,1
EG010101AWEL99,3,0,0,4,9,4,10,3,0,0,5,10,6,13,1,0,0,1,4,0,3
EG010101BBOL99C33,0,1,1,0,0,0,0,0,7,9,0,1,0,0,0,1,1,0,0,0,0
EG010101CN0000,0,0,0,2,2,5,2,0,0,0,3,3,15,16,0,0,0,2,2,2,0
EG010101DHUM0000,0,1,3,4,22,0,0,1,1,3,10,45,0,0,0,0,1,0,5,0,0
EG010101DK0000,11,0,0,0,0,0,0,13,0,0,0,0,0,0,6,0,0,0,0,0,0
EG010101FT3002,0,0,0,0,0,0,0,2,1,1,0,0,0,0,0,0,0,0,0,0,0
EG010101GAKL99,0,0,0,0,1,2,3,0,0,0,0,1,2,11,0,0,0,0,1,2,1
EG010101GJKL99,1,0,0,1,0,2,9,1,0,0,1,0,11,21,0,0,0,0,0,0,5
EG010101GPKL99,0,2,2,1,1,1,1,1,4,5,2,1,2,1,0,1,0,1,1,0,0
EG010101GYKL99,1,0,0,0,1,0,0,2,0,1,1,2,0,1,1,0,0,0,1,0,0
EG010101HPKL99,8,1,3,0,0,5,1,11,2,4,1,10,10,5,5,1,1,0,0,1,0
EG010101I7MP06,0,0,0,0,7,7,1,4,0,0,0,15,16,4,0,0,0,0,2,4,0
EG010101I7MP12,0,0,0,0,0,0,0,0,0,0,2,0,0,0,0,0,0,0,0,0,0
EG010101I7PS06,0,0,1,0,7,8,1,3,1,3,2,14,14,3,0,0,0,0,0,2,0
EG010101MBRE99,0,0,0,0,0,0,0,0,0,0,0,1,2,0,0,0,0,0,0,0,0
EG010101PP7I06,0,1,1,1,0,0,0,1,2,2,3,0,0,0,0,1,0,1,0,0,0
EG010101QAZL99,7,0,0,0,0,0,0,26,0,0,0,1,0,3,3,0,0,0,0,0,0
EG010101QAZX99,8,23,46,26,0,0,0,11,23,55,35,0,0,0,2,11,22,12,0,0,0
EG010101SUS000,0,0,0,192,158,62,48,0,0,0,298,393,96,94,0,0,0,63,52,26,18
EG010101SWNABI0000,0,0,0,0,0,17,0,0,0,0,0,0,20,0,0,0,0,0,0,4,0
EG010101T2SP01,0,0,0,0,0,0,0,1,0,0,0,0,0,0,0,0,0,0,0,0,0
EG010101T2SP10,0,0,0,0,0,0,0,4,0,0,0,0,0,0,0,0,0,0,0,0,0
EG010101T55W02,1,2,0,0,0,0,0,13,5,0,0,0,0,0,1,2,0,0,0,0,0
EG010101T80000,0,0,0,0,10,18,32,0,0,0,0,21,44,50,0,0,0,0,5,3,9
EG010101UL8T99,5,2,8,26,0,10,12,15,4,19,39,2,22,22,2,1,2,12,0,3,1
EG010101ULLT06,5,2,0,0,0,0,0,13,9,0,0,0,0,0,1,1,0,0,0,0,0
EG010101ULTT99,2,0,0,0,0,0,0,15,0,0,0,0,0,0,0,0,0,0,0,0,0
EG010101X7PP06,0,0,0,0,0,0,0,0,1,0,1,0,0,0,0,0,0,0,0,0,0
EG010101YT0000,3,0,1,0,1,0,3,9,0,4,8,10,0,12,1,0,1,0,0,0,1
EG010101Z36S05,0,0,0,0,0,0,0,1,1,5,1,0,0,0,0,0,0,0,0,0,0
EG010101Z36S06,0,0,0,0,0,0,0,0,0,2,0,0,0,0,0,0,0,0,0,0,0
EG010101Z36S10,0,0,0,0,0,0,0,1,0,0,0,0,0,0,0,0,0,0,0,0,0
EG010102AAAA99,1,0,0,0,1,0,0,2,0,0,0,1,0,0,0,0,0,0,0,0,0
EG010102AAAA99C148,1,0,0,0,0,0,0,1,0,0,0,0,0,0,1,0,0,0,0,0,0
EG010102AABB99C148,1,2,0,0,0,0,0,12,5,0,0,11,0,0,0,1,0,0,0,0,0
EG010102AE0000,646,579,545,215,83,243,607,1134,981,995,453,200,703,1094,271,225,242,96,34,103,236
EG010102AG0000,17,7,5,5,7,6,4,43,16,9,14,8,8,9,4,5,2,2,3,5,4
EG010102APPL000,49,68,0,0,0,0,2,80,107,0,0,1,2,5,18,28,0,0,0,0,2
EG010102AVBK99,3,0,1,2,1,2,1,6,0,11,6,3,4,3,1,0,0,0,0,1,1
EG010102BNDK000,0,0,0,0,0,5,11,0,0,0,0,0,48,26,0,0,0,0,0,0,4
EG010102BNDK99,4,3,5,5,12,2,0,6,6,8,13,45,5,1,1,1,3,3,5,0,0
EG010102ENC000,28,9,6,8,11,4,8,72,17,14,16,20,8,16,10,4,4,3,3,3,4
EG010102FF5099,1,0,0,0,0,0,0,5,0,0,0,0,0,0,0,0,0,0,0,0,0
EG010102GSTP2000,6,107,24,24,9,6,13,7,137,40,27,10,6,24,3,25,12,13,5,4,4
EG010102HW3P06,0,0,0,0,0,0,0,4,0,0,0,0,0,0,0,0,0,0,0,0,0
EG010102HX0200,23,5,16,6,36,28,14,81,14,37,20,102,97,30,4,3,6,3,14,8,7
EG010102HX0300,10,8,11,19,6,0,0,19,14,34,33,8,0,0,5,3,8,7,2,0,0
EG010102KZ0000,316,0,0,25,19,0,12,769,0,0,36,30,0,22,157,0,0,10,9,0,3
EG010102KZ3000,17,34,20,10,70,190,79,41,74,57,21,174,320,129,3,9,7,2,21,80,34
EG010102KZWINB000,22,5,2,0,0,0,0,54,7,3,0,0,0,0,13,3,2,0,0,0,0
EG010102KZWINPI000,4,0,8,1,4,4,1,16,3,16,2,7,10,3,2,0,5,1,4,2,0
EG010102M30099,1,0,0,0,0,0,0,2,0,0,0,0,0,0,0,0,0,0,0,0,0
EG010102M9000,0,0,0,0,0,0,0,5,0,0,0,0,0,0,0,0,0,0,0,0,0
EG010102MA0000,359,113,221,1627,440,48,26,668,222,413,2670,775,55,38,118,45,104,678,204,16,7
EG010102POB22000,0,0,0,1,48,0,0,0,0,0,2,73,0,0,0,0,0,1,15,0,0
EG010102RENB000,0,1,13,4,4,0,1,1,1,30,15,13,3,7,0,0,5,2,2,0,1
EG010102RENG000,0,3,8,2,2,2,1,0,8,23,10,8,5,2,0,1,3,1,0,1,0
EG010102ROMM06,4,0,0,0,0,0,0,19,1,0,0,0,0,0,2,0,0,0,0,0,0
EG010102SO90B0,7,1,112,2,35,1,1,12,3,219,5,91,1,3,1,1,31,2,8,1,1
EG010102SSWA9000,196,136,208,41,32,31,8,287,282,377,55,124,111,14,81,39,98,17,6,10,3
EG010102TB0000,0,0,0,2,2,1,0,2,0,4,3,5,3,0,0,0,0,2,1,1,0
EG010102UP0000,1,0,0,0,0,0,0,2,0,0,0,0,0,0,0,0,0,0,0,0,0
EG010103OW0000,0,1,1,1,0,0,1,0,1,1,1,1,0,3,0,1,0,0,0,0,0
EG010104PS4C01,0,0,0,0,0,0,0,3,1,0,0,0,0,0,0,0,0,0,0,0,0
EG010104PS4C08,0,6,0,0,0,18,105,2,11,0,0,0,19,119,0,0,0,0,0,2,45
EG010105DHAI99,33,32,0,0,0,4,0,56,42,0,0,0,5,0,20,22,0,0,0,1,0
EG010106ABKL99,5,9,14,4,26,1,5,8,14,25,11,57,4,8,2,8,8,2,15,0,3
EG010106ABNB99,0,0,0,1,0,0,0,0,0,0,1,0,0,0,0,0,0,1,0,0,0
EG010106ABNO99,166,307,121,59,410,829,305,344,642,213,91,869,1914,590,66,107,37,21,160,374,103
EG010106AJNEV9,13,0,0,0,0,0,0,51,0,0,0,0,0,0,8,0,0,0,0,0,0
EG010106ALRMD000,0,2,12,2,8,4,6,0,7,18,14,12,9,8,0,0,7,2,1,2,0
EG010106AQMD99,16,25,0,0,1,1,0,26,40,0,1,1,1,2,6,15,0,0,0,0,0
EG010106AQMY99,18,32,0,0,0,0,0,27,76,0,0,0,0,0,6,11,0,0,0,0,0
EG010106AQUD99,0,49,0,2,0,1,0,0,146,0,2,0,1,1,0,20,0,2,0,1,0
EG010106AQZY99,0,5,1,0,0,0,0,0,23,1,0,0,0,0,0,0,1,0,0,0,0
EG010106ASBU99,2,2,10,14,6,12,5,4,4,18,16,7,24,5,0,2,3,9,6,8,3
EG010106AVBH99,391,95,8,412,829,533,525,792,178,24,872,1490,886,801,221,72,7,213,460,306,282
EG010106AZMO99,113,149,1,0,0,0,0,226,216,1,1,0,0,1,60,76,1,0,0,0,0
EG010106AZXM99,20,3,8,2,3,1,0,25,3,11,6,6,8,0,5,1,4,0,2,0,0
EG010106BSPR99,0,5,0,1,0,0,0,0,6,0,2,0,8,0,0,2,0,0,0,0,0
EG010106CAMS99,170,271,116,377,180,310,278,505,457,182,702,374,523,522,42,69,44,95,61,111,100
EG010106CAMV000,548,2473,4572,2209,1142,1508,1098,989,4264,8584,4056,2085,2764,2157,260,1102,1951,980,508,658,433
EG010106EL00,6,42,41,53,21,137,0,10,50,69,75,27,263,0,2,24,17,31,10,50,0
EG010106HJKM99,10,12,26,33,3,14,1,15,17,60,103,13,18,4,4,6,13,12,0,2,0
EG010106JP0000,686,357,213,42,1,7,74,1149,664,438,65,3,12,132,304,153,104,19,1,4,41
EG010106MIFI000,0,0,0,46,38,31,6,0,0,0,94,106,49,8,0,0,0,18,8,15,3
EG010106MLKF99,0,32,4,9,7,3,11,0,73,11,11,10,6,16,0,10,2,3,3,2,7
EG010106MLKJ99,611,843,499,441,278,285,805,1157,1757,935,857,624,514,1683,205,296,201,168,94,120,225
EG010106MLKU99,2986,3174,3672,1660,1834,1072,292,5991,6134,7661,3175,4283,2754,569,1103,1198,1385,609,676,358,120
EG010106NFCT99,0,0,0,1,5,1,1,0,0,2,2,19,1,2,0,0,0,1,0,0,0
EG010106PK71000,0,0,2,36,45,0,2,0,0,3,74,110,3,2,0,0,2,12,22,0,0
EG010106RY0000,238,86,22,47,22,28,10,386,155,40,79,51,37,17,75,28,11,18,8,10,2
EG010106ZNPM99,3,8,2,1,5,0,5,7,14,7,5,15,4,28,1,6,1,1,3,0,3
EG010106ZNXM99,7,12,3,15,2,0,0,14,26,6,44,4,1,3,4,3,3,5,1,0,0
EG01010CAMX5000,1006,741,1027,2238,2421,4204,746,1707,1354,1842,3604,4681,7882,1344,375,276,360,701,727,1691,259
EG010202AVCO99,2,0,2,3,1,1,1,6,1,7,5,4,5,1,0,0,1,1,1,1,1
EG010203VIDP99,13,3,0,3,1,2,4,46,9,1,9,2,3,5,5,1,0,0,0,1,1
EG010203VIDV99,1,3,3,0,1,0,4,4,4,6,0,1,1,5,0,1,2,0,1,0,2
EG010206WB0000,2,1,2,0,1,0,0,3,2,4,1,1,1,0,2,0,0,0,1,0,0
EG010301AVGY99,0,0,0,0,0,1,0,0,0,0,0,0,1,0,0,0,0,0,0,1,0
EG010301AVOY99,0,0,0,5,0,0,0,0,0,0,13,0,0,0,0,0,0,4,0,0,0
EG010301DOQ015000,20,25,43,12,16,0,0,48,42,80,37,42,0,0,11,11,14,7,7,0,0
EG010301DOQT0800,20,13,18,0,1,0,3,53,24,41,0,4,0,15,12,5,10,0,1,0,1
EG010301DOQT99NEW,821,383,25,84,130,145,62,1506,613,107,156,254,282,110,326,151,9,36,51,49,19
EG010301HX00000,2,4,0,0,0,5,0,7,5,0,0,7,32,0,1,2,0,0,0,2,0
EG010301HXACE4,8,14,12,6,5,5,5,14,31,23,14,7,14,14,4,6,8,2,4,2,0
EG010301KJQI10,0,0,0,6,14,0,16,0,0,0,22,55,2,45,0,0,0,2,2,0,1
EG010301LD6M99,0,1,3,0,0,0,0,0,2,5,0,0,0,0,0,1,1,0,0,0,0
EG010301M17PRO000,20,0,3,0,3,0,0,77,0,5,0,22,0,8,3,0,0,0,0,0,0
EG010301MDFG59,64,37,5,6,10,0,0,140,55,8,7,18,0,0,30,22,1,4,5,0,0
EG010301MK19000,0,24,84,359,32,104,38,0,47,135,618,57,288,71,0,11,26,160,16,41,25
EG010301N321000,53,35,13,66,112,69,11,111,72,23,107,236,146,16,18,11,5,24,49,36,4
EG010301ND0599,0,0,0,0,0,0,0,0,0,0,0,1,1,0,0,0,0,0,0,0,0
EG010301ND6M99,480,49,72,19,20,22,41,992,91,133,33,61,73,94,158,14,29,4,4,6,18
EG010301ND9K99,1,0,0,0,0,0,0,36,0,0,0,0,0,0,0,0,0,0,0,0,0
EG010301NDCC99,3,1,0,0,0,0,0,3,2,0,0,0,0,0,1,0,0,0,0,0,0
EG010301NDDP99,0,0,1,0,0,0,0,0,0,1,0,0,0,0,0,0,1,0,0,0,0
EG010301NDDX99,2,2,1,0,1,0,0,2,5,5,0,4,0,0,1,0,0,0,0,0,0
EG010301NDMP99,6,0,0,0,0,0,0,19,0,0,0,0,0,0,2,0,0,0,0,0,0
EG010301NDPB06,0,0,0,0,7,13,0,0,0,0,0,9,22,0,0,0,0,0,2,3,0
EG010301NDPP99NEW,1276,1141,2119,817,1421,1569,1493,2471,2095,4216,1473,2612,3050,2806,494,494,926,387,648,686,661
EG010301NDPW02,0,0,0,2,20,0,0,0,0,0,11,42,0,0,0,0,0,0,6,0,0
EG010301NDQC99NEW,434,317,69,175,197,400,273,902,589,152,295,379,764,519,197,156,28,84,91,180,125
EG010301NDUM99NEW,355,122,131,41,63,199,33,767,219,313,89,150,424,74,129,46,41,12,14,75,7
EG010301NDUMB6300,29,8,9,0,7,21,29,43,15,16,0,14,37,69,10,3,4,0,1,5,9
EG010301OR0000,7,1,0,0,0,0,0,114,20,0,0,0,0,0,1,1,0,0,0,0,0
EG010301R36000,244,90,73,213,114,192,264,572,307,277,492,191,413,528,143,48,39,97,69,101,137
EG010301R36W200,0,0,0,3,0,1,0,0,0,4,6,3,3,2,0,0,0,1,0,1,0
EG010301R36X200,0,0,0,0,0,1,0,0,0,0,0,0,3,1,0,0,0,0,0,1,0
EG010301SPI17000,122,73,35,3,5,0,0,348,134,105,8,20,0,0,36,21,10,0,0,0,0
EG010301SS250000,447,125,94,72,11,18,7,1442,284,325,103,65,45,82,49,26,8,15,1,4,1
EG0103020A38000,457,287,49,3,1,1,8,990,664,139,4,2,1,10,172,122,17,1,0,0,4
EG010302A17000,170,62,12,0,1,0,0,367,132,50,7,1,0,0,48,14,2,0,0,0,0
EG010302A9PRO0000,0,0,28,13,4,2,0,0,0,119,92,8,2,0,0,0,9,4,1,0,0
EG010302AQ75,7,1,0,0,0,0,0,13,1,0,0,0,0,0,4,1,0,0,0,0,0
EG010302HX0A09,5,0,1,0,0,0,0,14,0,2,0,0,0,0,1,0,1,0,0,0,0
EG010302LTABT8S000,0,0,0,57,21,14,3,0,0,0,208,99,75,39,0,0,0,19,3,1,1
EG010302S7000,225,165,27,10,0,7,7,423,397,73,20,0,7,18,70,45,7,1,0,2,0
EG010302S8000,0,295,93,52,5,1,0,0,705,213,189,5,1,0,0,88,31,21,3,1,0
EG010302T9643000,0,0,0,8,55,10,28,0,0,0,37,208,21,54,0,0,0,1,14,3,11
EG010302TA17PRO000,0,0,0,23,276,149,160,0,0,0,59,804,395,351,0,0,0,6,62,24,35
EG010302TABA8000,0,77,66,13,2,0,0,0,168,138,27,2,0,0,0,34,30,5,1,0,0
EG010302TABS9000,38,41,55,1,0,3,3,191,181,195,3,0,3,6,9,6,8,0,0,0,2
EG010302TST000,0,0,0,0,0,573,5205,0,0,0,0,0,579,5348,0,0,0,0,0,251,2303
EG0103039F00,0,0,0,0,0,99,280,0,0,0,0,0,279,637,0,0,0,0,0,31,107
EG010303PROJGAM00,0,0,0,0,57,134,95,0,0,0,0,195,307,178,0,0,0,0,17,67,40
EG010303WF00,649,181,27,297,495,260,3,1437,336,65,549,1481,877,5,277,73,10,116,192,111,3
EG010303WFLCD00,0,219,600,776,410,252,34,0,565,1393,1581,845,701,90,0,85,251,275,141,106,19
EG01030JOC6300,0,0,1,0,0,0,0,1,0,9,0,0,0,0,0,0,0,0,0,0,0
EG01030K717700,0,2,9,0,1,3,11,0,4,27,0,1,3,15,0,0,4,0,1,2,4
EG01030M363100,15,12,7,2,2,1,8,32,38,21,4,3,1,17,3,3,3,0,0,0,3
EG01030M5625000,0,3,201,61,41,9,4,0,6,387,131,80,14,12,0,1,96,18,17,5,2
EG01030M5626000,0,188,53,206,66,0,0,0,279,110,378,138,0,0,0,86,20,86,33,0,0
EG01030RAD6300,0,0,0,0,0,0,0,1,1,0,0,0,0,0,0,0,0,0,0,0,0
EG0104015IN10,0,0,3,0,2,0,0,4,1,4,2,5,5,0,0,0,0,0,0,0,0
EG010401AQWE99,141,85,15,19,8,0,3,233,121,26,34,10,0,4,77,49,8,7,6,0,2
EG010401GGU99,1,0,0,0,0,1,0,1,1,1,3,1,5,0,1,0,0,0,0,1,0
EG010401HX0000,0,0,0,0,0,0,0,2,0,2,0,0,1,1,0,0,0,0,0,0,0
EG010401HXRCF0,105,152,87,0,12,3,1,163,268,116,3,26,4,2,52,65,44,0,2,0,1
EG010401HXRX72,1,0,3,2,2,0,0,2,1,8,3,2,0,0,1,0,2,1,1,0,0
EG010401HXRi00,4,5,2,0,0,0,0,18,15,5,0,0,0,0,0,3,1,0,0,0,0
EG010401JBPI99NEW,0,0,0,0,1,0,0,1,0,1,10,1,0,0,0,0,0,0,1,0,0
EG010401ME0000,48,20,68,5,1,1,0,85,32,112,5,1,1,0,25,12,45,5,0,1,0
EG010401MIBA99,4,0,0,0,0,0,0,9,1,1,10,0,0,0,1,0,0,0,0,0,0
EG010401MS0000,0,0,0,0,1,0,0,0,1,0,7,2,19,0,0,0,0,0,1,0,0
EG010401NGOS99,1,0,0,0,0,0,0,19,0,0,0,0,0,0,1,0,0,0,0,0,0
EG010401QGU99,1,0,0,1,0,1,1,2,0,1,2,0,1,2,1,0,0,0,0,0,0
EG010401QGUN9,2,1,9,0,0,11,1,6,1,25,0,0,30,2,0,0,5,0,0,6,0
EG010401RABT73300,0,0,1,52,0,0,0,0,0,1,75,3,0,1,0,0,0,27,0,0,0
EG010401RAD0200,0,12,0,2,8,10,4,0,36,0,5,10,14,5,0,4,0,1,5,3,4
EG010401RAD0300,0,2,0,24,0,0,4,0,4,1,44,0,0,8,0,1,0,17,0,0,2
EG010401RX3600,124,12,5,0,0,0,0,413,25,8,0,0,0,0,58,7,1,0,0,0,0
EG010401RX80800,0,0,57,28,0,0,68,0,0,86,36,0,0,139,0,0,38,18,0,0,36
EG010401RX8800,9,6,0,0,0,0,0,15,6,0,0,0,0,0,3,3,0,0,0,0,0
EG010401SA0000,1,1,0,0,1,2,1,1,1,1,0,1,6,1,0,1,0,0,0,1,1
EG010401STRT99,0,0,0,0,0,6,0,0,0,0,0,0,10,0,0,0,0,0,0,1,0
EG010401WSJA99,0,0,0,0,0,1,0,0,0,0,0,0,2,8,0,0,0,0,0,1,0
EG010401XLU99,0,0,0,0,0,0,10,0,0,0,0,0,0,18,0,0,0,0,0,0,7
EG010401XRX720,0,0,13,14,189,99,71,0,2,24,20,330,181,151,0,0,7,7,132,69,40
EG010401XRX730,121,41,8,3,2,1,0,267,93,19,4,3,1,0,61,28,3,1,1,1,0
EG010401YG308000,1,74,38,8,0,0,6,3,130,50,8,1,0,6,0,43,25,4,0,0,1
EG010402CAMRE000,0,0,158,616,524,342,7,0,0,354,1393,1063,932,16,0,0,59,221,209,136,1
EG010402CAMRY000,0,0,0,0,0,41,135,0,0,0,0,0,111,272,0,0,0,0,0,17,37
EG010402CMMK99,204,3,5,13,12,9,5,327,5,6,17,17,13,13,91,1,3,6,11,5,2
EG010402CXMU99,90,48,12,0,0,0,391,173,78,24,0,0,0,643,41,23,10,0,0,0,178
EG010402PY0000,66,14,23,34,98,26,2,140,22,45,59,198,84,7,23,6,9,9,22,10,0
EG010402PYN000,25,63,49,73,43,14,6,38,105,84,138,97,38,9,10,25,14,28,16,3,3
EG010402VN0000,3,3,9,125,9,5,9,6,11,18,242,16,25,13,3,2,6,36,2,1,1
EG010403WTFK99,0,0,0,0,0,6,4,0,0,0,0,0,35,22,0,0,0,0,0,2,3
EG010403XL0000,43,0,0,13,0,0,0,72,0,2,15,0,0,0,11,0,0,8,0,0,0
EG010403XLNE00,11,30,7,28,25,4,35,19,123,25,68,54,12,85,6,8,4,12,7,1,13
EG01040RADM00,0,0,0,0,0,31,32,0,0,0,0,0,70,58,0,0,0,0,0,13,19
EG0105010AAA000,29,5,8,7,10,14,8,70,8,24,20,15,20,12,14,1,4,5,9,10,4
EG010501ADIP99,0,0,0,0,0,0,0,8,1,0,0,0,0,0,0,0,0,0,0,0,0
EG010501ANKE99,0,0,0,0,0,1,0,0,0,0,0,0,2,0,0,0,0,0,0,1,0
EG010501DZ0000,1397,271,522,1070,1803,2105,2261,2385,390,877,1694,2943,3361,3481,541,120,201,467,745,845,937
EG010501IACP99,0,0,0,0,0,0,4,0,0,0,0,0,0,16,0,0,0,0,0,0,0
EG010501IW0000,159,110,38,0,0,0,0,250,182,56,0,0,0,0,94,59,25,0,0,0,0
EG010501TC0000,12,4,7,77,83,1,16,17,6,15,148,220,1,55,5,3,4,40,32,0,7
EG010502BS0000,0,0,0,0,0,5,63,0,1,1,2,0,5,116,0,0,0,0,0,4,37
EG010502DJ0000,0,0,0,0,0,7,60,0,0,0,0,0,9,82,0,0,0,0,0,3,25
EG010502TI0000,1,5,5,14,2,6,1,3,5,5,32,7,17,1,0,1,2,3,1,5,0
EG0105030MAGS00,12,0,2,0,0,67,704,33,0,2,0,5,114,1127,4,0,2,0,0,22,287
EG0105030MAJ21000,24,15,54,0,6,0,0,73,29,86,0,13,0,0,9,9,26,0,1,0,0
EG0105030MJ3500,0,54,2,22,4,0,0,43,83,2,36,5,0,0,0,31,1,10,1,0,0
EG010503AMJ1000,2,0,0,1,1,2,1,2,1,0,1,2,2,1,1,0,0,1,1,2,0
EG010503AMj1000,4,6,0,0,0,1,0,11,6,0,0,0,1,0,3,0,0,0,0,1,0
EG010503C146000,34,0,0,0,0,0,0,37,0,0,0,0,0,0,11,0,0,0,0,0,0
EG010503EATC99,4,0,0,1,1,0,0,12,0,1,1,1,0,0,0,0,0,1,1,0,0
EG010503G1A1000,0,0,0,0,3,9,15,0,0,0,0,4,18,27,0,0,0,0,3,2,4
EG010503G1S0000,74,0,0,0,0,0,0,77,0,0,0,0,0,0,29,0,0,0,0,0,0
EG010503MAG800,472,365,152,26,26,0,0,721,496,220,32,37,0,0,191,153,57,9,16,0,0
EG010503MJ10,1,1,1,0,1,0,4,1,1,1,0,1,0,4,1,1,0,0,1,0,1
EG010503PBOQ99,8,22,4,0,0,0,2,9,23,4,0,1,0,3,2,14,2,0,0,0,0
EG010503PROO99,0,0,0,0,0,0,0,0,0,1,1,0,0,0,0,0,0,0,0,0,0
EG010503PROW99,0,0,0,0,0,1,0,2,2,4,3,0,2,0,0,0,0,0,0,0,0
EG010503VP0000,5,1,6,3,5,1,3,7,1,9,10,10,7,7,1,0,4,3,2,0,2
EG010503YS0000,0,0,0,26,22,14,4,0,0,0,27,23,15,6,0,0,0,12,11,10,0
EG010503ZALG99,0,2,11,0,0,0,0,0,2,11,0,0,0,0,0,1,5,0,0,0,0
EG010503ZALM99,0,0,0,0,0,2,24,0,0,0,0,0,2,34,0,0,0,0,0,1,8
EG010503ZBLR99,78,0,0,0,4,8,10,81,0,0,0,6,9,10,16,0,0,0,3,1,1
EG010503ZBYR99,0,1,2,0,0,0,0,0,1,3,1,2,1,0,0,0,2,0,0,0,0
EG010503ZCLR99,18,0,0,0,0,0,0,18,0,0,0,0,0,0,6,0,0,0,0,0,0
EG010503ZPYR99,0,0,0,0,3,0,0,0,0,0,2,4,0,0,0,0,0,0,0,0,0
EG010504AJDI99,0,0,0,0,0,0,0,0,0,2,0,0,1,2,0,0,0,0,0,0,0
EG010504AYDI99,1,0,0,0,0,0,0,12,3,0,0,0,2,1,0,0,0,0,0,0,0
EG0106016AIR4000,2,0,0,0,0,0,0,2,0,1,0,0,0,0,2,0,0,0,0,0,0
EG010601A4T8000,25,22,0,0,0,0,0,44,36,0,0,0,0,1,7,6,0,0,0,0,0
EG010601AM0000,1,2,0,0,0,0,0,2,2,0,0,0,0,0,1,1,0,0,0,0,0
EG010601APPL00,4,2,12,52,11,7,2,11,6,26,89,12,7,2,0,1,5,16,5,4,1
EG010601AWWA00,0,0,0,0,0,1,1,0,0,0,0,0,5,16,0,0,0,0,0,0,1
EG010601BACE0000,0,0,0,0,0,0,0,0,0,0,0,0,0,2,0,0,0,0,0,0,0
EG010601BJ0000,0,0,0,0,0,0,0,0,2,0,0,0,0,0,0,0,0,0,0,0,0
EG010601BLST99,0,0,0,0,0,0,0,10,0,0,0,0,0,0,0,0,0,0,0,0,0
EG010601BPB000,0,0,0,0,0,0,12,0,0,0,10,0,0,19,0,0,0,0,0,0,6
EG010601DZND00,0,0,0,0,0,10,22,0,0,0,0,0,19,32,0,0,0,0,0,3,8
EG010601DZPP00,0,0,0,0,0,30,100,0,0,0,0,0,64,188,0,0,0,0,0,8,38
EG010601DZQC00,0,0,0,0,0,8,4,0,0,0,0,0,10,10,0,0,0,0,0,2,1
EG010601DZUM00,0,0,0,0,0,6,18,0,0,0,0,0,14,33,0,0,0,0,0,3,5
EG010601GPSCH000,0,0,2,0,0,0,0,0,0,5,0,0,0,0,0,0,2,0,0,0,0
EG010601HX0000,1,1,1,1,4,6,4,1,1,3,3,22,16,8,1,0,0,1,0,0,0
EG010601HX1m00,4,39,2,0,6,14,2,8,183,29,14,29,34,13,3,13,1,0,5,5,1
EG010601MDNE00,0,0,0,0,0,0,7,0,0,0,0,0,12,14,0,0,0,0,0,0,3
EG010601MLMD00,0,0,0,0,0,5,21,0,0,0,0,0,10,73,0,0,0,0,0,1,4
EG010601MLRJ99,0,0,0,0,0,10,555,0,0,0,0,0,10,1611,0,0,0,0,0,2,149
EG010601MLRU99,0,0,0,0,0,59,52,0,0,0,0,0,162,99,0,0,0,0,0,23,14
EG010601NOBR000,21,2,0,1,1,7,0,65,4,0,1,2,16,0,10,1,0,0,0,2,0
EG010601NOMM99,4,0,0,0,0,0,0,4,0,0,0,0,0,0,1,0,0,0,0,0,0
EG010601NOMO99,6,6,6,0,0,0,0,13,8,11,0,4,0,0,1,2,0,0,0,0,0
EG010601NQGL99NEW,58,20,34,0,19,14,0,136,38,120,0,65,25,0,29,10,15,0,3,0,0
EG010601NSIL99NEW,204,111,156,92,106,517,48,366,178,257,185,170,901,74,93,49,71,46,52,213,15
EG010601NSML99,103,55,23,15,10,48,40,179,92,52,23,35,72,58,46,18,9,8,4,24,19
EG010601NSWL99,409,184,171,14,13,1,2,890,363,356,42,29,5,7,189,74,62,7,2,1,1
EG010601OL0000,12,0,119,91,54,87,30,21,0,189,165,92,129,51,5,0,44,28,17,31,10
EG010601PZX0,1,0,0,0,0,0,0,1,0,0,0,0,0,0,1,0,0,0,0,0,0
EG010601RDPP99NEW,0,0,0,0,0,40,1190,0,0,0,0,0,64,2428,0,0,0,0,0,18,471
EG010601SP0000,47,13,19,0,0,18,37,88,14,26,0,0,31,47,16,5,6,0,0,12,19
EG010601TIKE00,0,0,0,0,0,0,1,0,0,0,0,0,0,5,0,0,0,0,0,0,1
EG010601VN0000,6,15,4,5,0,0,0,20,18,7,8,1,0,0,4,8,1,3,0,0,0
EG010601VUY99,0,0,0,0,0,0,29,0,0,0,0,0,0,54,0,0,0,0,0,0,9
EG010601X2ALAD00,0,2,5,0,0,0,0,0,3,6,0,0,0,0,0,1,2,0,0,0,0
EG010601X2TS800,0,0,0,1,0,0,0,0,0,0,1,0,0,0,0,0,0,1,0,0,0
EG010604AIRGYM000,0,0,0,0,0,1,0,0,0,0,0,2,2,0,0,0,0,0,0,0,0
EG010604KPROJ000,0,0,0,1,165,46,0,0,0,0,5,388,150,0,0,0,0,0,67,19,0
EG010606SCR0000,0,0,0,0,0,1,0,0,0,0,0,0,6,1,0,0,0,0,0,0,0
EG010606STR0000,0,0,0,0,0,0,0,4,0,0,0,0,1,0,0,0,0,0,0,0,0
EG01060R2X321000,0,0,0,1,2,6,0,0,0,0,4,7,14,0,0,0,0,1,1,2,0
EG01060R36M63000,0,0,0,0,0,0,0,1,0,0,0,0,0,0,0,0,0,0,0,0,0
EG01060RM10PU00,5,0,0,0,0,0,0,20,0,0,0,0,0,0,1,0,0,0,0,0,0
EG01060RSBV3IR000,3,0,0,0,0,0,0,7,0,0,0,0,0,0,2,0,0,0,0,0,0
EG01060X2CAMSO00,0,0,0,0,0,0,2,0,0,0,0,0,0,2,0,0,0,0,0,0,0
EG01060X2CAMX500,0,11,0,5,180,386,113,0,21,0,15,269,729,231,0,2,0,2,74,147,33
EG01060X2X336000,0,113,1191,425,907,632,291,0,183,2428,812,2153,1512,561,0,29,361,170,350,232,104
EG010702AAP9000,488,66,19,0,0,0,0,931,99,35,0,0,0,0,204,28,14,0,0,0,0
EG010702AAPL99,0,1,0,0,0,0,0,0,1,0,0,0,0,0,0,0,0,0,0,0,0
EG010702AAPV99,2361,2052,2669,2382,2317,1489,362,4791,3837,5673,4611,4546,2694,662,1099,897,1154,1109,1088,766,141
EG010703HC2X100,66,10,1,0,0,0,0,132,18,1,0,0,0,0,37,5,0,0,0,0,0
EG010703HCSX00,18,3,0,0,0,0,0,50,4,0,0,0,0,0,9,1,0,0,0,0,0
EG010703HX0000,1528,1461,555,1151,989,791,22,2802,2504,1050,1974,1817,1503,32,555,510,177,438,393,341,11
EG010703MZ0000,14,0,1,0,0,0,0,27,3,1,0,0,0,0,2,0,1,0,0,0,0
EG010703NK0000,1,1,6,7,13,2,2,1,1,19,16,20,8,15,0,1,1,2,4,0,0
EG010703PXN0,3,0,4,16,12,7,0,6,1,17,36,25,11,0,3,0,2,11,8,4,0
EG020103AQ3399,1,0,0,0,0,0,0,1,0,0,0,2,0,0,0,0,0,0,0,0,0
EG020103BQ3599,0,0,0,0,0,0,0,0,0,1,0,0,0,0,0,0,0,0,0,0,0
EG020103DQ2899,0,1,0,0,1,0,0,0,1,1,0,3,0,1,0,0,0,0,0,0,0
EG020103E3599,0,0,0,0,1,0,0,0,0,0,0,1,0,0,0,0,0,0,0,0,0
EG020103EQ3599,0,0,0,0,1,0,0,0,0,0,0,1,0,0,0,0,0,0,0,0,0
EG020103JB3806,0,0,0,0,0,0,0,3,4,1,4,0,0,0,0,0,0,0,0,0,0
EG020103JQ3199,1,0,0,0,0,0,0,1,0,0,0,0,0,0,1,0,0,0,0,0,0
EG020103KQ2999,0,0,0,0,0,0,1,0,0,0,0,0,0,1,0,0,0,0,0,0,0
EG020103M3599,0,0,1,0,0,0,2,0,0,1,0,0,0,2,0,0,0,0,0,0,2
EG020103MQ2899,0,0,3,0,0,0,0,1,5,3,1,3,1,0,0,0,1,0,0,0,0
EG020103T3599,9,12,12,3,3,4,2,11,14,29,10,12,6,2,2,6,2,0,1,2,1
EG020103UQ2799,0,0,1,0,1,0,0,0,0,2,0,3,4,0,0,0,1,0,0,0,0
EG020103XQ2799,0,0,1,0,0,0,0,0,0,2,1,3,0,0,0,0,1,0,0,0,0
EG020103ZQ2999,0,0,0,0,0,0,0,0,0,0,1,0,0,0,0,0,0,0,0,0,0
EG020104BVRE99,0,0,0,0,0,1,3,0,0,0,0,0,1,5,0,0,0,0,0,0,0
EG020104KLMP99,0,0,0,0,0,3,1,0,0,0,0,0,5,13,0,0,0,0,0,1,1
EG020104SFGD99,0,0,0,0,0,13,2,0,0,0,0,0,17,23,0,0,0,0,0,0,0
EG020104WJQC99,0,0,0,0,0,9,2,0,0,0,0,0,11,4,0,0,0,0,0,2,1
EG020105MC0302,0,7,0,0,0,0,0,0,7,0,1,0,0,0,0,0,0,0,0,0,0
EG020105MC0502,0,0,0,82,43,1,2,0,0,0,126,71,2,3,0,0,0,21,15,1,0
EG020105MC0602,0,4,1,11,12,0,0,0,9,3,17,21,5,1,0,0,1,5,3,0,0
EG020105MC0702,0,0,0,0,0,0,1,0,0,0,0,0,0,1,0,0,0,0,0,0,1
EG020105MC0802,0,0,0,0,11,1,1,0,0,0,0,13,2,1,0,0,0,0,5,0,0
EG020109EA0606CONS,0,0,0,0,0,1,0,0,0,0,0,0,1,0,0,0,0,0,0,1,0
EG020109LC0710CONS,10,0,0,0,0,0,0,16,0,0,0,0,0,0,5,0,0,0,0,0,0
EG020114AOH99,0,0,10,20,8,0,0,0,0,14,31,9,0,0,0,0,4,5,5,0,0
EG020114AZSW99,0,0,57,49,38,12,1,0,0,71,55,54,17,1,0,0,17,20,17,2,0
EG020114BLACK99,0,0,30,33,15,0,0,0,0,37,42,16,0,0,0,0,8,8,4,0,0
EG020114BRWOH99,0,0,34,43,9,0,0,0,0,48,48,9,0,0,0,0,5,20,2,0,0
EG020114BRWON99,0,0,48,33,44,13,1,0,0,66,46,55,18,3,0,0,19,7,16,5,1
EG020114BURG99,0,0,48,57,19,0,0,0,0,62,69,21,0,0,0,0,18,18,10,0,0
EG020114NEVY99,0,0,40,52,15,0,0,0,0,50,66,20,0,0,0,0,10,9,8,0,0
EG020114PQAW99,0,0,127,93,25,0,0,0,0,162,124,39,0,0,0,0,47,33,12,0,0
EG020114QWCV99,0,0,106,65,20,0,2,0,0,137,82,31,0,2,0,0,38,22,9,0,2
EG020114QWMF99,0,0,23,23,13,0,0,0,0,35,40,24,0,0,0,0,9,11,2,0,0
EG020114VRMK99,0,0,50,34,49,8,0,0,0,81,51,63,10,5,0,0,18,10,19,2,0
EG020114WITE99,0,0,30,33,30,9,0,0,0,41,37,34,14,0,0,0,6,14,15,3,0
EG020114XDWE99,0,0,60,14,6,0,0,0,0,87,18,9,0,0,0,0,26,4,4,0,0
EG020114XSJHK99,0,0,36,28,9,0,0,0,0,57,34,9,0,0,0,0,9,10,2,0,0
EG02011CDWA99,0,0,0,0,18,4,0,0,0,0,0,24,8,1,0,0,0,0,8,1,0
EG02011CWEX99,0,0,0,0,0,2,2,0,0,0,0,0,3,6,0,0,0,0,0,0,1
EG02011CXEW99,0,0,0,0,0,0,2,0,0,0,0,0,2,3,0,0,0,0,0,0,1
EG02011CXWP99,0,0,0,0,18,3,0,0,0,0,0,21,4,1,0,0,0,0,7,1,0
EG02011CXWQ99,0,0,0,0,1,1,1,0,0,0,0,1,3,5,0,0,0,0,0,1,1
EG02011KMTY99,0,0,0,0,64,8,2,0,0,0,0,81,9,3,0,0,0,0,25,5,1
EG02011NMKJ99,0,0,0,0,94,14,1,0,0,0,0,111,22,9,0,0,0,0,43,6,0
EG02011OIWW99,0,0,0,0,30,5,0,0,0,0,0,44,12,0,0,0,0,0,9,1,0
EG02011QWBV99,0,0,47,46,42,6,0,0,0,60,57,55,7,6,0,0,15,21,13,1,0
EG02011VBPL99,0,0,0,0,34,3,1,0,0,0,0,41,5,15,0,0,0,0,12,2,0
EG02011VCDS99,0,0,0,0,104,11,2,0,0,0,0,126,17,4,0,0,0,0,39,4,1
EG02011VCQO99,0,0,0,0,90,11,0,0,0,0,0,99,14,2,0,0,0,0,36,3,0
EG02011VTOL99,0,0,0,0,29,0,1,0,0,0,0,38,0,4,0,0,0,0,8,0,0
EG020207SOKS99,0,0,0,0,0,1,0,0,0,0,0,0,2,2,0,0,0,0,0,1,0
EG020211MB0000,1,2,0,0,0,0,0,1,2,0,0,0,0,0,0,2,0,0,0,0,0
EG020401RAIN00,0,0,0,0,0,0,0,1,0,1,0,0,0,0,0,0,0,0,0,0,0
EG020403RAIN0399,5,0,0,1,0,0,3,5,0,0,2,0,0,3,5,0,0,0,0,0,0
EG020403RAIN0499,0,0,0,0,0,0,4,0,0,1,0,0,0,5,0,0,0,0,0,0,2
EG020403RAIN0599,23,3,3,0,0,0,0,33,3,4,0,1,0,0,17,1,0,0,0,0,0
EG0205010006,0,1,0,0,0,0,0,0,1,0,0,0,0,0,0,0,0,0,0,0,0
EG020501BAFB99,1,1,0,0,0,0,0,4,1,0,1,1,0,0,0,1,0,0,0,0,0
EG020501BAGG99,13,13,308,570,182,131,193,28,37,469,806,259,208,255,9,4,164,332,97,67,115
EG020501BAMJC9,1,2,9,66,0,0,0,2,4,16,80,12,0,5,1,2,4,31,0,0,0
EG020501DF0014,0,0,0,0,0,0,0,0,1,4,0,0,0,0,0,0,0,0,0,0,0
EG020502BB0007,0,0,0,0,0,0,0,0,1,0,3,0,0,0,0,0,0,0,0,0,0
EG020502SS0006,3,1,0,0,0,0,0,3,1,1,0,0,0,0,0,1,0,0,0,0,0
EG020503BB0007,0,0,0,0,0,0,0,1,0,0,0,0,0,0,0,0,0,0,0,0,0
EG020503COOL04C534,0,0,0,1,22,0,0,1,0,0,2,26,0,0,0,0,0,0,19,0,0
EG020503COOL24C534,0,0,0,0,0,1,10,0,0,0,0,0,5,19,0,0,0,0,0,1,7
EG020503CT0012,0,0,0,0,0,0,0,4,0,0,0,0,0,0,0,0,0,0,0,0,0
EG020506DF0014,0,0,0,0,0,0,0,0,0,1,0,0,0,0,0,0,0,0,0,0,0
EG020506FC0005,0,0,0,0,0,0,0,0,0,1,1,0,0,0,0,0,0,0,0,0,0
EG020506SM0002,0,0,0,0,0,0,0,0,0,1,0,0,0,0,0,0,0,0,0,0,0
EG020506SS0000,0,0,0,0,0,0,0,1,4,5,2,0,0,0,0,0,0,0,0,0,0
EG020506SS0014,1,0,0,0,0,0,0,1,1,4,0,0,0,0,0,0,0,0,0,0,0
EG020506XX0099,1,4,0,0,0,0,0,1,4,0,0,0,0,0,1,2,0,0,0,0,0
EG0205BVET99,0,0,26,12,9,0,0,0,0,35,18,11,0,0,0,0,9,4,3,0,0
EG0205GFTO99,0,0,13,7,9,0,0,0,0,16,11,9,0,0,0,0,5,3,2,0,0
EG0205ZAPL90,0,0,35,2,0,0,0,0,0,48,6,0,0,0,0,0,12,0,0,0,0
EG02060131X0000,1,0,0,0,0,0,0,2,0,0,0,0,0,0,0,0,0,0,0,0,0
EG02060132X0000,0,0,0,0,0,0,0,2,0,0,0,0,0,0,0,0,0,0,0,0,0
EG0206013X0000,0,0,0,0,0,0,0,6,0,0,0,0,0,0,0,0,0,0,0,0,0
EG020601YE0000,277,209,92,67,80,13,9,473,333,144,96,127,26,17,145,100,43,31,46,7,5
EG030101AALK99,0,0,0,0,0,0,0,0,0,0,1,0,0,0,0,0,0,0,0,0,0
EG030101AAS99,0,0,0,0,0,1,0,0,0,0,0,0,1,0,0,0,0,0,0,1,0
EG030101AIRD99,0,0,1,9,177,598,526,3,1,3,15,224,735,719,0,0,1,7,114,362,280
EG030101ALAL99,0,0,0,0,0,0,2,0,0,0,0,0,0,2,0,0,0,0,0,0,1
EG030101BUGR99,146,76,0,0,2,1,0,258,121,3,0,2,1,0,77,44,0,0,2,1,0
EG030101DS3G99,2,1,0,0,0,0,0,2,1,1,1,0,0,0,1,0,0,0,0,0,0
EG030101EVGR99,0,0,0,0,31,0,0,0,0,0,0,33,0,0,0,0,0,0,13,0,0
EG030101FAST99,9,3,0,0,0,0,0,9,3,2,0,0,0,0,8,2,0,0,0,0,0
EG030101FOGS99,64,7,1,1,18,0,0,72,13,1,1,29,0,0,44,3,1,1,6,0,0
EG030101GERK99,0,0,0,0,0,0,0,0,0,1,1,0,0,0,0,0,0,0,0,0,0
EG030101GHLA99,0,0,0,0,0,0,0,0,0,0,1,0,0,0,0,0,0,0,0,0,0
EG030101HNFY99,48,76,6,3,8,4,2,50,129,23,3,10,4,4,8,21,3,1,4,4,2
EG030101LASK99,47,19,23,7,0,0,0,158,49,80,17,0,0,0,23,8,11,2,0,0,0
EG030101LAZS99,14,8,3,0,0,0,0,14,8,5,0,0,0,0,5,4,1,0,0,0,0
EG030101MAGGN99,0,0,1,0,0,0,0,0,0,1,0,0,0,0,0,0,1,0,0,0,0
EG030101MGGN99,0,0,0,0,2,1,3,1,0,0,0,2,1,3,0,0,0,0,1,0,1
EG030101MOTT99C531,0,0,0,0,0,2,0,0,0,1,0,0,2,0,0,0,0,0,0,2,0
EG030101NAMOS99,29,39,17,5,1,1,0,56,56,22,6,1,1,0,17,16,9,2,1,0,0
EG030101NOVV99,2,8,14,69,90,0,0,7,11,29,113,120,0,0,1,4,7,42,43,0,0
EG030101QHSL99,177,225,571,235,216,162,215,246,307,777,289,310,211,275,121,152,356,146,142,112,160
EG030101QTSL99,0,0,0,3,0,0,4,0,0,0,14,9,0,4,0,0,0,2,0,0,3
EG030101SAKK99C33,0,10,37,36,0,0,0,0,10,37,37,0,0,0,0,8,21,16,0,0,0
EG030101SCSR99,0,0,0,0,0,0,0,0,0,4,0,0,0,0,0,0,0,0,0,0,0
EG030101SHOG99,0,0,2,0,0,0,0,3,0,2,0,0,0,0,0,0,2,0,0,0,0
EG030101TURJ99,40,2,2,0,0,0,0,50,2,2,0,0,0,0,20,2,1,0,0,0,0
EG030101USBS99,1,0,0,0,0,0,0,1,0,0,0,0,0,0,1,0,0,0,0,0,0
EG030101WATM99,8,57,0,0,0,0,0,8,57,0,0,0,0,0,4,21,0,0,0,0,0
EG030101WATW99,1,1,0,0,0,0,0,1,1,0,0,0,0,0,1,1,0,0,0,0,0
EG030102ABGO99,0,0,0,2,11,17,1,1,0,1,7,19,25,1,0,0,0,2,7,6,1
EG030102ABOO99,22,0,7,14,0,2,37,49,0,9,17,0,2,44,14,0,4,7,0,1,23
EG030102COUK99,0,0,0,0,0,0,0,13,0,0,0,0,0,0,0,0,0,0,0,0,0
EG030102CRES99,32,184,0,0,0,0,0,32,191,0,0,0,0,0,19,88,0,0,0,0,0
EG030102EEA99,16,8,1,0,0,0,0,19,10,1,0,0,0,0,12,2,0,0,0,0,0
EG030102ESTC99,0,0,4,0,0,0,0,0,0,5,0,0,0,0,0,0,2,0,0,0,0
EG030102KJHL45,0,0,0,0,0,0,0,0,2,0,0,0,0,0,0,0,0,0,0,0,0
EG030102KOOR99,0,3,0,0,0,0,0,7,7,0,0,0,0,0,0,3,0,0,0,0,0
EG030102LAED99,0,0,0,0,0,0,0,0,0,4,0,0,0,0,0,0,0,0,0,0,0
EG030102LKJI44,0,0,0,2,2,0,0,0,0,0,2,2,0,1,0,0,0,0,2,0,0
EG030102MA99,12,6,1,0,0,0,0,31,16,1,20,1,0,0,7,4,1,0,0,0,0
EG030102MNDE99,0,0,0,0,0,0,94,0,0,0,0,0,0,172,0,0,0,0,0,0,39
EG030102QURA99,0,0,0,0,0,0,0,0,0,1,0,0,0,0,0,0,0,0,0,0,0
EG030102RA99,15,28,1,3,0,0,0,46,43,5,3,0,1,0,7,13,0,0,0,0,0
EG030102RAMA99,18,93,1,0,2,0,1,34,159,13,2,4,2,3,5,48,1,0,2,0,1
EG030102SEND99,0,0,0,0,2,0,0,0,0,0,0,2,0,0,0,0,0,0,2,0,0
EG030102SETR99,0,0,0,0,0,0,0,0,0,0,1,0,0,0,0,0,0,0,0,0,0
EG030102SHGR99,0,0,0,0,0,0,1,0,0,0,0,1,0,1,0,0,0,0,0,0,1
EG030102SHVN99,4,0,0,0,0,0,0,5,0,0,0,0,0,0,4,0,0,0,0,0,0
EG030102STAR99,0,0,0,0,0,0,0,7,0,1,0,0,0,0,0,0,0,0,0,0,0
EG030102USBL99,36,5,0,0,0,0,0,68,21,21,0,0,0,0,7,3,0,0,0,0,0
EG030103AAAA99,0,0,0,0,0,0,0,0,0,0,10,0,2,0,0,0,0,0,0,0,0
EG030103BADEL99,5,1,16,26,30,18,2,14,6,27,45,56,34,4,3,1,13,16,16,11,2
EG030103BADL99,99,76,89,108,47,3,0,172,122,159,156,75,3,0,73,56,57,72,34,3,0
EG030103BADLL99,52,66,0,0,0,3,0,88,94,0,0,0,8,0,40,49,0,0,0,1,0
EG030103BAEL99,9,0,0,0,0,0,0,12,0,0,0,0,0,0,8,0,0,0,0,0,0
EG030103BDEL99,1,0,0,0,0,0,0,3,0,0,0,0,0,0,1,0,0,0,0,0,0
EG030103ERTY99,200,124,134,169,58,27,13,466,291,309,386,76,29,17,107,64,53,75,36,9,7
EG030103FVDC99,0,3,2,0,0,0,0,0,3,3,0,0,0,0,0,0,1,0,0,0,0
EG030103LAZY99,0,0,2,1,2,2,0,0,0,6,2,4,4,1,0,0,1,1,2,1,0
EG030103MFUR99,34,0,0,0,0,0,0,39,1,10,0,0,0,0,9,0,0,0,0,0,0
EG030103OLIK99,329,276,196,230,250,117,72,583,462,361,362,555,234,161,178,112,83,104,89,44,36
EG030103ROOL99,1,3,8,6,11,0,0,1,3,10,8,15,0,0,0,1,4,4,9,0,0
EG030103UINM99,0,14,19,1,2,0,0,1,27,59,1,2,0,0,0,6,3,1,0,0,0
EG030104BASC99,0,0,2,0,0,0,0,1,0,3,0,0,0,0,0,0,1,0,0,0,0
EG030104BOXS99,748,0,0,0,0,0,0,756,0,0,0,0,0,0,332,0,0,0,0,0,0
EG030104FNOK99,0,0,0,0,0,0,1,0,0,0,0,0,0,6,0,0,0,0,0,0,0
EG030104FOLL99,0,0,0,0,0,0,0,1,0,1,1,0,0,0,0,0,0,0,0,0,0
EG030104GAZM99,2,0,0,0,0,0,0,4,0,0,0,0,0,0,1,0,0,0,0,0,0
EG030104HAQA99,0,0,0,41,176,81,9,0,0,0,53,249,149,11,0,0,0,15,98,42,6
EG030104HGFA99,0,0,0,2,109,18,8,0,0,0,2,155,26,11,0,0,0,1,59,8,6
EG030104HHFG,0,185,1561,1311,1024,451,195,0,293,2632,2009,1558,703,312,0,94,759,657,504,217,94
EG030104HOA99,0,0,0,2,41,71,212,0,0,0,5,66,99,262,0,0,0,1,12,33,115
EG030104LA99,0,0,0,4,7,11,3,0,0,0,6,16,19,4,0,0,0,3,5,4,2
EG030104LFA99,0,0,0,32,61,52,71,0,0,0,67,93,82,111,0,0,0,21,28,22,26
EG030104MOTA99,0,0,0,0,0,0,0,0,1,0,0,0,0,0,0,0,0,0,0,0,0
EG030104MSWG99,0,571,312,331,20,0,2,0,759,456,474,35,0,10,0,309,170,175,11,0,0
EG030104SHMT99,0,0,0,0,0,0,0,0,0,0,1,0,0,0,0,0,0,0,0,0,0
EG030104SILC99,0,0,0,0,0,0,0,0,0,2,0,0,0,0,0,0,0,0,0,0,0
EG030104STMN99,122,11,20,89,49,8,0,174,11,27,134,118,11,0,52,6,10,44,18,6,0
EG030104STTN99,0,0,0,0,31,207,155,0,0,0,0,46,323,296,0,0,0,0,10,95,83
EG030104TAKZ99,2223,1132,1416,1169,1401,1423,514,2251,1148,1478,1179,1449,1500,522,913,501,604,490,595,567,227
EG030104TLKZ99,0,0,0,0,0,0,53,0,0,0,0,0,0,87,0,0,0,0,0,0,19
EG030104UJAOD99,0,0,0,0,0,0,217,0,0,0,0,0,0,364,0,0,0,0,0,0,64
EG030104UJID99,0,0,0,0,0,0,0,0,0,0,0,0,0,1,0,0,0,0,0,0,0
EG030104ZAWG99,954,731,809,196,24,0,0,1520,1015,1193,297,49,0,0,551,408,423,119,9,0,0
EG030105LEVS99,0,0,0,0,0,0,0,0,0,1,1,0,0,0,0,0,0,0,0,0,0
EG030106ANTN99,1,0,1,0,0,0,0,1,0,2,0,0,0,0,1,0,1,0,0,0,0
EG030106BSAK99,0,0,3,8,8,0,0,0,0,4,9,11,3,0,0,0,3,4,3,0,0
EG030106CEGK99,0,0,0,0,0,30,0,0,0,0,0,0,60,0,0,0,0,0,0,19,0
EG030106COMR99,0,0,0,0,0,0,0,1,0,1,0,0,0,0,0,0,0,0,0,0,0
EG030106COVE99,3,0,1,0,1,10,0,5,0,1,0,1,11,0,1,0,0,0,0,0,0
EG030106DOWS99,305,133,33,1,0,2,2,545,224,60,1,1,2,2,162,80,19,1,0,0,2
EG030106EED99,0,0,0,0,0,0,0,4,1,0,0,0,0,0,0,0,0,0,0,0,0
EG030106FGY99,0,1,1,1,2,0,1,0,3,5,5,2,2,1,0,1,0,0,2,0,1
EG030106GZZJ99,1244,326,183,120,0,0,0,1758,455,327,186,0,0,0,523,139,81,58,0,0,0
EG030106GZZL99,10,9,50,9,221,206,52,15,19,76,10,339,280,82,6,5,25,6,100,101,30
EG030106HBGV99C531,0,0,0,0,0,0,11,0,0,0,0,0,0,23,0,0,0,0,0,0,8
EG030106JHT99,53,112,0,0,0,0,0,102,176,0,1,0,0,0,28,66,0,0,0,0,0
EG030106JOY99,7,8,5,8,5,3,1,21,14,15,15,8,4,4,3,1,2,5,4,2,1
EG030106JT99,1,5,0,0,0,0,0,4,7,1,0,0,0,0,0,1,0,0,0,0,0
EG030106JTY99,2,0,0,0,0,0,0,5,0,0,0,0,0,0,0,0,0,0,0,0,0
EG030106KUY99,49,78,62,29,19,8,37,67,97,127,37,32,26,56,29,51,42,21,9,3,20
EG030106LAMB99,2,1,0,0,0,0,0,4,1,0,0,0,0,0,1,1,0,0,0,0,0
EG030106LAUN99,0,2,0,0,0,1,3,0,2,0,0,0,2,3,0,2,0,0,0,0,3
EG030106LAUN99C531,2,3,0,0,0,1,2,2,8,0,0,0,1,3,1,1,0,0,0,0,2
EG030106M2D99,81,118,2,0,0,1,0,108,152,2,1,0,1,0,50,81,1,0,0,0,0
EG030106M3D99,62,60,0,0,0,0,0,78,72,0,0,0,0,0,35,35,0,0,0,0,0
EG030106MATR99,5,10,96,162,70,99,106,9,16,227,440,175,176,198,2,4,45,63,30,55,53
EG030106MAYY99,92,92,29,0,0,3,4,248,207,66,0,0,11,9,50,40,17,0,0,1,1
EG030106MD99,122,152,3,0,0,0,0,179,201,4,0,1,2,0,70,86,1,0,0,0,0
EG030106MKKT99,19,17,10,3,22,6,3,31,24,12,5,34,9,4,10,11,5,2,15,4,1
EG030106MMMM99,0,0,0,0,2,4,4,0,0,0,2,4,6,7,0,0,0,0,0,3,1
EG030106MOTT99,3,33,8,0,0,0,0,3,35,8,0,0,0,0,0,10,7,0,0,0,0
EG030106MRKJ99,0,0,1,1,0,0,0,0,0,1,2,0,0,0,0,0,0,0,0,0,0
EG030106PROT99,0,0,0,5,0,5,2,0,10,0,6,1,8,2,0,0,0,1,0,3,0
EG030106RA99,9,11,0,0,0,0,0,15,15,0,0,0,0,0,3,4,0,0,0,0,0
EG030106RAMD99,2,4,0,0,0,0,0,6,4,1,4,0,1,0,2,4,0,0,0,0,0
EG030106RD99,0,2,0,0,0,0,0,0,3,0,4,0,0,0,0,1,0,0,0,0,0
EG030106REWD99,39,0,0,0,0,0,0,68,0,0,0,0,0,0,17,0,0,0,0,0,0
EG030106RKAD99,22,140,1,1,0,0,0,34,199,1,1,0,0,0,12,69,0,1,0,0,0
EG030106RLUD99,11,35,75,175,169,105,112,12,54,113,230,276,175,144,7,16,46,108,99,54,63
EG030106RSTN99,0,0,0,0,0,0,0,5,0,0,0,0,0,0,0,0,0,0,0,0,0
EG030106STAG99,1124,1269,2144,1350,1498,1640,1540,1570,2033,3322,2024,2293,2612,2365,505,605,1038,715,748,792,768
EG030106YHA99,0,0,0,0,0,4,0,0,0,0,0,0,11,1,0,0,0,0,0,1,0
EG030107ACTM99,36,2,1,12,211,163,158,48,2,3,15,259,227,202,30,2,1,11,164,121,118
EG030107ACTM99CONS,0,0,4,1,2,0,0,1,0,6,1,11,0,0,0,0,1,1,0,0,0
EG030107ACTMB99,0,0,1,1,2,0,0,0,0,1,2,5,0,0,0,0,0,1,1,0,0
EG030107BAKK99,6,3,1,32,15,6,1,8,3,3,99,27,18,1,2,2,0,8,9,3,0
EG030107BASL999,0,0,38,0,0,41,87,0,0,199,1,1,53,113,0,0,9,0,0,25,68
EG030107BATO99,4,11,8,3,0,1,1,8,20,24,4,1,1,2,3,4,2,0,0,0,0
EG030107C0099,11,20,382,83,17,3,1,15,25,567,103,27,3,1,7,13,199,54,10,1,0
EG030107CLAN99,1,0,1,49,8,12,36,2,3,1,144,23,29,62,1,0,1,32,6,5,27
EG030107CLBR99,83,6,0,0,1,0,0,160,9,0,0,1,0,1,44,2,0,0,1,0,0
EG030107CLEN99,0,0,1,110,57,56,5,0,0,2,216,82,92,7,0,0,0,60,35,32,1
EG030107CLIN99,200,42,6,0,0,0,0,322,87,8,0,0,0,0,85,12,3,0,0,0,0
EG030107CLVD99,208,0,0,0,0,0,0,210,0,0,0,0,0,0,116,0,0,0,0,0,0
EG030107EASL99,7,3,4,6,6,5,0,8,5,5,12,16,26,1,5,1,2,4,1,3,0
EG030107GVFV99C531,5,0,1,0,0,0,1,12,0,2,1,0,0,1,1,0,1,0,0,0,1
EG030107HNFV99,0,0,0,0,13,4,4,0,0,0,0,18,4,8,0,0,0,0,10,2,2
EG030107ICEL99,2,4,0,0,0,0,0,2,4,1,0,0,0,0,2,3,0,0,0,0,0
EG030107J3G99,0,0,0,15,7,102,174,0,0,0,16,29,141,252,0,0,0,13,4,73,111
EG030107JHJ99,0,0,0,0,4,0,2,0,0,0,0,4,2,2,0,0,0,0,2,0,1
EG030107KASS99,0,0,0,8,67,0,0,0,0,0,13,114,0,0,0,0,0,7,34,0,0
EG030107KJD99,0,0,0,0,0,0,2,0,0,0,0,0,0,14,0,0,0,0,0,0,0
EG030107MAKN99,1788,882,1061,157,177,612,643,3011,1408,1714,229,296,1020,1071,775,349,480,60,66,270,248
EG030107MANS99,3,1,1,0,3,1,0,5,2,5,0,3,1,1,0,1,1,0,2,1,0
EG030107MNJH99,1,2,1,9,10,5,14,1,2,2,10,48,8,31,0,0,1,9,5,5,7
EG030107MSHF99C39,0,0,3,11,1,0,0,0,3,8,25,1,2,1,0,0,2,8,1,0,0
EG030107MSHH99,0,0,0,2,2,27,4,0,0,0,3,2,36,7,0,0,0,2,2,13,1
EG030107MSHH99C531,1,0,2,1,0,1,1,1,0,3,1,2,2,1,1,0,2,1,0,1,1
EG030107MTRI99,1,1,0,1,0,0,0,1,3,1,2,0,0,0,0,0,0,0,0,0,0
EG030107NMON99,0,0,0,1,1,6,0,0,0,0,1,1,19,0,0,0,0,0,1,3,0
EG030107RYTU99,2,26,89,18,0,0,7,9,26,136,25,1,0,9,1,11,56,15,0,0,7
EG030107S0099,2022,1889,2083,604,1487,560,89,3007,2699,3244,1044,2492,982,153,1350,1267,1335,333,958,364,47
EG030107SASA99,0,0,0,82,548,177,0,0,0,0,148,1334,523,1,0,0,0,24,216,67,0
EG030107SC0099,63,168,171,50,478,98,511,108,289,624,75,818,173,763,35,90,100,32,293,65,301
EG030107TILE99,59,0,0,0,0,70,63,132,0,0,0,0,101,84,37,0,0,0,0,52,41
EG030108ASBN90,0,2,0,0,0,2,0,1,2,3,0,0,4,0,0,0,0,0,0,0,0
EG030108ASBN99,1,0,0,0,0,1,0,1,0,0,0,0,1,1,0,0,0,0,0,1,0
EG030108B120B99,357,255,279,401,121,157,126,824,497,651,914,159,186,177,167,113,150,190,75,94,58
EG030108B12B99,29,20,6,20,13,44,6,37,28,6,41,20,55,15,22,15,3,10,5,24,1
EG030108B160B99,234,143,131,254,125,154,102,307,185,166,373,146,204,134,136,81,71,133,69,81,50
EG030108B16B99,30,27,38,39,16,36,26,37,35,48,48,20,44,30,22,9,21,22,9,26,12
EG030108B180B99,119,92,116,144,86,83,64,162,119,146,198,106,119,83,65,55,68,90,47,51,39
EG030108B18B99,21,18,33,35,13,42,19,25,20,45,45,24,53,24,10,5,21,17,7,22,11
EG030108B2B99,0,0,0,0,0,14,8,0,0,0,0,0,30,12,0,0,0,0,0,8,5
EG030108BAA99,4,2,0,0,0,2,0,4,2,0,0,1,2,0,3,1,0,0,0,2,0
EG030108BAGG99,16,2,3,0,0,0,0,54,2,5,0,1,0,0,5,2,2,0,0,0,0
EG030108BATH99,0,0,0,0,0,0,0,0,0,3,1,0,0,0,0,0,0,0,0,0,0
EG030108BATR99,2,1,0,0,0,0,0,4,2,0,0,0,0,0,0,0,0,0,0,0,0
EG030108BEGI21,170,66,84,16,0,1,0,382,103,211,28,0,1,0,60,26,42,13,0,1,0
EG030108BGOF15,0,2,0,1,0,3,0,0,2,0,1,0,3,1,0,2,0,1,0,2,0
EG030108BGPI21,8,0,0,0,0,0,0,8,0,0,0,0,0,0,4,0,0,0,0,0,0
EG030108BI2GE99,0,0,0,0,35,74,20,0,0,0,0,45,158,28,0,0,0,0,23,45,10
EG030108BIGE99,0,0,0,0,0,1,1,0,0,0,0,1,1,3,0,0,0,0,0,1,1
EG030108BIIG21,17,18,57,6,7,4,3,44,27,107,11,9,4,7,10,7,11,3,3,2,0
EG030108BRON99,5,2,0,1,0,0,0,6,2,0,3,0,0,0,3,2,0,1,0,0,0
EG030108BUND99,0,0,0,1,0,0,0,0,0,0,1,0,0,0,0,0,0,1,0,0,0
EG030108CARN99,4,0,1,0,1,0,0,6,1,1,2,1,0,0,3,0,1,0,0,0,0
EG030108CARP17,0,0,3,0,4,17,10,0,0,8,4,7,17,30,0,0,1,0,1,2,0
EG030108CARP18,0,0,2,27,0,0,0,0,0,6,35,0,2,0,0,0,0,27,0,0,0
EG030108CCCC10,9,5,4,2,1,1,2,22,9,7,6,1,1,3,5,2,1,1,1,1,2
EG030108COEE07,1,3,0,0,0,0,0,2,6,0,0,0,0,0,0,0,0,0,0,0,0
EG030108COEE15,3,19,66,2,0,0,0,6,34,134,4,1,0,0,0,5,20,0,0,0,0
EG030108COEE18,5,4,2,5,0,0,0,12,7,3,7,0,0,0,4,3,2,4,0,0,0
EG030108COEE21,0,0,6,0,0,0,0,0,0,7,0,0,0,0,0,0,0,0,0,0,0
EG030108COOO10,5,4,8,0,0,0,0,10,4,13,0,0,0,0,0,1,5,0,0,0,0
EG030108COOO21,1,4,0,0,1,0,0,4,19,0,1,1,0,0,1,3,0,0,0,0,0
EG030108COSH99,0,0,0,0,0,0,0,4,0,0,0,0,0,0,0,0,0,0,0,0,0
EG030108COVE10,58,129,132,60,4,7,1,151,217,206,102,5,8,5,22,55,39,19,0,1,1
EG030108COVE15,121,259,144,20,5,0,1,184,366,210,36,5,0,4,66,116,72,6,1,0,0
EG030108COVE18,8,5,0,4,2,0,0,15,7,0,6,2,0,0,4,3,0,3,2,0,0
EG030108COVE21,80,173,191,12,4,0,0,126,233,270,15,4,0,0,37,85,94,2,3,0,0
EG030108COVV10,6,1,0,4,1,3,0,10,2,0,9,1,3,3,1,0,0,1,1,3,0
EG030108COVV21,3,1,0,0,0,0,0,10,2,0,0,0,0,0,1,1,0,0,0,0,0
EG030108CRSM99,3,1,0,0,0,0,0,5,3,0,1,0,4,1,2,0,0,0,0,0,0
EG030108DA99,7,0,0,2,1,4,0,13,3,0,6,1,4,0,6,0,0,2,1,2,0
EG030108DAA99,5,0,1,3,0,0,1,11,0,1,8,0,0,3,1,0,1,2,0,0,1
EG030108DAF99,9,2,1,2,0,0,0,15,3,1,2,0,0,0,2,1,1,1,0,0,0
EG030108DAFA99,11,11,6,4,1,2,0,24,20,16,6,3,4,1,5,3,2,2,0,0,0
EG030108DF99,3,1,1,0,0,0,0,3,1,1,0,0,0,0,2,1,1,0,0,0,0
EG030108DFF99,8,3,1,1,1,0,1,14,3,1,1,1,0,1,6,2,0,0,0,0,1
EG030108DOFF99,5,1,1,1,0,0,0,18,12,1,1,0,0,1,2,1,0,0,0,0,0
EG030108FA99,3,5,3,3,2,0,0,7,6,4,6,2,0,0,2,4,2,0,0,0,0
EG030108FAA99,2,0,0,0,0,0,0,2,0,0,0,0,0,0,0,0,0,0,0,0,0
EG030108FARW10,86,110,46,28,4,3,0,196,234,116,49,16,3,0,38,48,24,14,2,0,0
EG030108FEA99,1,0,0,1,0,0,0,1,0,0,1,0,0,0,1,0,0,1,0,0,0
EG030108FFA99,0,0,0,0,0,0,0,1,0,0,0,0,1,0,0,0,0,0,0,0,0
EG030108FLBT99,0,1,0,0,0,0,0,1,1,1,1,0,0,0,0,0,0,0,0,0,0
EG030108FQA99,1,0,0,0,0,0,0,2,0,0,0,0,0,0,1,0,0,0,0,0,0
EG030108FRA99,4,0,0,0,0,0,0,4,0,0,0,0,0,0,1,0,0,0,0,0,0
EG030108FSA99,2,1,0,0,0,0,0,4,1,0,1,0,0,0,1,0,0,0,0,0,0
EG030108FTA99,3,2,0,0,0,0,0,10,7,2,1,0,0,0,3,1,0,0,0,0,0
EG030108FWA99,1,0,2,0,0,0,0,2,0,2,0,0,0,0,1,0,2,0,0,0,0
EG030108FYONK99,13,3,1,0,1,0,0,31,3,2,0,1,0,0,10,2,1,0,1,0,0
EG030108G120G99,295,182,178,516,449,391,311,402,220,233,683,714,801,517,231,137,109,347,294,177,153
EG030108G12G99,49,18,41,48,6,48,24,68,39,48,49,10,54,37,16,9,20,15,2,22,14
EG030108G160G99,315,281,278,534,559,568,468,434,326,358,684,919,894,809,191,172,169,327,287,274,235
EG030108G16G99,52,26,15,47,13,41,23,61,40,19,57,13,51,39,19,12,11,20,4,13,14
EG030108G180G99,177,118,74,269,210,238,169,215,145,98,330,274,292,246,100,80,49,167,116,128,89
EG030108G18G99,27,15,30,23,10,29,24,31,18,38,29,13,45,31,9,9,18,16,4,16,12
EG030108G2G99,0,0,0,0,0,13,7,0,0,0,0,0,21,9,0,0,0,0,0,7,5
EG030108GILD10,2,7,2,0,0,0,0,3,18,9,0,0,0,1,2,2,0,0,0,0,0
EG030108GILD15,0,0,3,0,0,0,0,0,0,3,0,0,0,0,0,0,1,0,0,0,0
EG030108GILD21,0,1,0,0,1,0,0,0,1,1,2,1,0,0,0,1,0,0,0,0,0
EG030108GOBL10,11,24,13,8,16,4,5,24,30,22,24,21,11,10,5,13,4,2,12,4,3
EG030108GOBL13,6,2,3,3,0,0,3,7,3,4,3,0,0,7,5,0,2,2,0,0,0
EG030108GOBL21,4,11,2,0,1,2,2,5,13,2,0,1,2,2,0,4,0,0,1,0,2
EG030108GRAY99,15,4,0,1,1,0,0,25,5,6,2,1,0,0,12,3,0,0,0,0,0
EG030108GREY10,13,60,0,4,2,5,1,22,104,2,9,4,8,3,2,10,0,1,1,2,0
EG030108GREY99,3,1,4,0,1,0,0,5,1,5,0,1,0,0,3,0,3,0,0,0,0
EG030108GRYS99,2,2,0,0,0,0,0,3,2,0,0,0,0,0,2,1,0,0,0,0,0
EG030108HJ99,26,18,7,2,8,0,2,43,57,36,5,19,1,4,15,5,1,1,3,0,2
EG030108HLJ99,2,4,7,2,0,11,0,7,7,17,2,2,19,0,2,2,2,0,0,10,0
EG030108INTBG99,0,0,0,6,0,1,16,0,0,0,14,1,1,30,0,0,0,2,0,1,10
EG030108INTGR99,0,0,0,16,0,0,4,0,0,0,18,1,0,7,0,0,0,1,0,0,1
EG030108INTOF99,0,0,0,26,0,0,14,0,0,0,144,0,0,68,0,0,0,2,0,0,4
EG030108JG12Y99,0,0,0,0,0,130,400,0,0,0,0,0,244,680,0,0,0,0,0,71,182
EG030108JG16Y99,0,0,0,0,0,183,648,0,0,0,0,0,231,898,0,0,0,0,0,112,351
EG030108JG18Y99,0,0,0,0,0,143,386,0,0,0,0,0,179,541,0,0,0,0,0,85,229
EG030108JH12Y99,0,0,0,0,119,66,153,0,0,0,0,196,99,239,0,0,0,0,66,45,78
EG030108JH16Y99,0,0,0,0,176,86,346,0,0,0,0,258,123,628,0,0,0,0,100,55,165
EG030108JH18Y99,0,0,0,0,134,40,150,0,0,0,0,184,66,216,0,0,0,0,81,29,86
EG030108KASH26,0,0,0,0,0,0,0,12,0,0,0,0,0,0,0,0,0,0,0,0,0
EG030108KESS99,4,8,2,0,0,0,0,4,8,2,0,0,0,0,0,2,0,0,0,0,0
EG030108LEHF99,17,2,1,0,1,0,0,37,3,2,3,2,2,0,7,2,0,0,1,0,0
EG030108MAFR99,3,0,1,5,11,7,6,5,0,4,15,28,7,6,3,0,1,1,3,0,4
EG030108MAFRSS99,215,358,293,265,219,58,15,558,799,782,584,597,155,70,102,129,83,66,63,28,4
EG030108MAKH99,0,0,0,0,3,1,0,0,0,0,1,5,3,0,0,0,0,0,3,0,0
EG030108MAKK99,613,629,1802,407,708,366,313,912,931,2586,565,1019,525,444,300,314,863,170,389,184,165
EG030108MATB99,167,234,547,321,282,289,119,277,381,845,465,431,471,230,95,134,301,201,156,164,47
EG030108MFRS10,2,0,0,0,0,0,0,2,0,1,1,0,0,0,2,0,0,0,0,0,0
EG030108MFRS21,0,0,0,4,0,0,0,0,2,0,4,0,0,0,0,0,0,2,0,0,0
EG030108MHD99,1,0,0,1,0,0,0,2,0,0,2,0,3,2,0,0,0,1,0,0,0
EG030108MLAYA99,0,0,2,13,0,0,0,0,0,2,22,1,0,0,0,0,1,12,0,0,0
EG030108MMTY99,634,262,673,269,95,71,18,950,401,934,355,169,115,33,403,165,504,176,51,28,9
EG030108MNST15,9,33,32,57,57,15,0,9,33,32,57,57,15,0,5,17,22,28,34,8,0
EG030108MORB99,1,3,0,2,0,0,0,2,6,3,8,1,0,1,1,0,0,1,0,0,0
EG030108MTB99,76,20,82,104,144,278,124,98,31,111,154,221,388,236,44,8,43,43,75,121,59
EG030108NAVY99,4,1,0,0,0,0,0,103,1,0,0,0,0,0,1,1,0,0,0,0,0
EG030108NEW10,1,5,3,0,0,0,0,3,10,4,0,0,0,0,1,4,2,0,0,0,0
EG030108NEW21,0,0,0,0,1,0,1,0,0,0,0,2,0,1,0,0,0,0,0,0,1
EG030108NO2NI99,0,0,0,0,62,74,64,0,0,0,0,92,133,104,0,0,0,0,33,32,29
EG030108NONI99,0,0,0,0,1,10,4,0,0,0,0,3,14,5,0,0,0,0,0,6,2
EG030108O12O99,11,0,40,5,2,0,3,33,0,125,5,2,0,3,3,0,24,2,1,0,3
EG030108O16O99,6,12,43,4,0,2,0,6,12,54,4,0,2,0,2,9,31,1,0,0,0
EG030108O18O99,6,6,51,8,5,7,0,6,6,69,8,12,7,0,4,1,28,4,4,2,0
EG030108OFFW15,146,128,70,33,10,1,0,245,247,111,87,16,1,0,84,58,37,13,5,1,0
EG030108PROT99,0,3,1,0,0,0,0,4,6,5,13,0,0,0,0,1,1,0,0,0,0
EG030108ROKN18,4,2,0,0,0,0,0,5,3,0,0,0,0,0,3,2,0,0,0,0,0
EG030108SATT99,8,0,0,0,0,0,0,8,0,0,0,0,0,0,3,0,0,0,0,0,0
EG030108SHER99,0,0,0,0,0,0,0,7,0,0,0,0,0,0,0,0,0,0,0,0,0
EG030108SO6F99,0,0,0,0,0,51,15,0,0,0,0,0,79,27,0,0,0,0,0,18,2
EG030108SO8F99,0,0,0,0,0,26,11,0,0,0,0,0,30,14,0,0,0,0,0,7,6
EG030108SOA02,10,4,15,32,59,70,31,13,7,23,34,130,125,58,1,2,8,21,26,34,13
EG030108SOFA02,27,62,186,135,137,91,30,36,94,334,223,243,120,39,13,37,80,66,65,44,18
EG030108SOFRA06,221,385,124,27,7,11,2,367,553,198,55,17,15,11,127,214,71,17,6,5,2
EG030108SOFRA08,85,182,72,9,3,2,3,114,220,104,24,4,2,4,58,118,42,4,0,1,2
EG030108SOFRA60,195,199,38,6,4,1,0,319,291,53,12,6,1,0,109,113,22,3,2,1,0
EG030108SOFRA66,0,0,0,1,0,0,0,0,0,0,1,0,0,0,0,0,0,1,0,0,0
EG030108SOFRA80,76,69,1,1,0,0,0,97,90,2,1,0,0,0,52,44,1,1,0,0,0
EG030108SOFRA88,0,8,0,0,0,0,0,0,14,0,0,0,0,0,0,8,0,0,0,0,0
EG030108TOOP99,124,104,161,85,157,234,55,222,178,207,124,250,368,96,67,51,89,45,88,120,35
EG030108TOP99,21,3,16,32,70,91,42,30,3,19,39,83,109,53,12,2,12,15,26,52,19
EG030108W12W99,41,37,11,71,25,60,50,130,114,29,184,93,192,198,14,19,1,28,7,19,20
EG030108W16W99,24,32,12,65,18,47,26,27,41,20,85,23,82,39,15,18,6,36,12,26,9
EG030108W18W99,31,24,4,46,8,36,6,47,33,5,58,18,47,23,20,16,3,26,6,24,5
EG030108YHTR99,0,0,0,0,0,0,13,0,0,0,0,0,0,24,0,0,0,0,0,0,8
EG030108YIKR99,0,0,0,0,0,0,0,0,0,0,0,0,0,2,0,0,0,0,0,0,0
EG030108YOKR99,0,0,0,0,0,0,3,0,0,0,0,0,0,3,0,0,0,0,0,0,1
EG030108YOLR99,0,0,0,0,0,0,23,0,0,0,0,0,0,39,0,0,0,0,0,0,14
EG030108YPLR99,0,0,0,0,0,0,4,0,0,0,0,0,0,4,0,0,0,0,0,0,4
EG03010WARMR99,16,66,1,0,0,0,0,31,120,4,0,0,1,0,5,41,0,0,0,0,0
EG030201ASD99,0,0,0,22,59,48,20,0,0,0,26,115,105,35,0,0,0,13,26,27,8
EG030201BOLT99,5,3,4,0,0,0,0,7,3,7,0,0,0,0,2,3,4,0,0,0,0
EG030201BRGH99,2,3,19,6,1,21,11,3,5,47,14,1,30,25,2,1,10,2,1,5,3
EG030201COOB99,5,21,94,30,0,1,2,5,31,127,36,0,1,2,5,5,34,10,0,1,0
EG030201FN99,36,16,0,0,0,0,0,69,19,0,0,0,0,0,18,11,0,0,0,0,0
EG030201H2O99,0,0,0,17,41,17,1,0,0,0,29,75,24,5,0,0,0,3,16,4,1
EG030201H3O99,0,0,0,20,109,0,15,0,0,0,35,175,0,47,0,0,0,4,45,0,10
EG030201HA3O99,0,0,0,0,0,41,0,0,0,0,0,0,91,0,0,0,0,0,0,20,0
EG030201HASO99,0,0,1,0,1,0,0,0,0,1,2,1,0,0,0,0,0,0,1,0,0
EG030201III99,0,3,3,18,4,35,59,0,4,3,39,4,51,93,0,3,0,3,2,15,19
EG030201K2H99,160,52,86,332,33,224,154,230,63,122,493,64,354,237,81,29,45,190,17,122,79
EG030201K3H99,174,178,556,476,57,387,344,269,240,1071,667,104,637,576,83,101,278,281,33,202,160
EG030201K3U99,156,65,913,163,23,1066,1165,256,114,1476,272,30,1909,1802,80,36,522,85,6,579,602
EG030201KAHS99,0,79,0,0,2,16,39,0,106,0,0,2,30,77,0,35,0,0,1,4,17
EG030201KASH99,0,0,0,3,0,0,0,0,0,0,4,0,0,0,0,0,0,3,0,0,0
EG030201KASH99NEW,658,413,374,229,27,423,184,1067,699,687,354,39,783,358,278,175,149,126,15,232,76
EG030201KEYC99,1,0,0,0,0,0,0,1,0,10,0,0,0,0,1,0,0,0,0,0,0
EG030201KSFL99,4,2,0,0,0,0,0,7,2,0,0,0,0,0,1,0,0,0,0,0,0
EG030201KSHU99,115,25,143,130,164,438,510,180,30,266,178,259,769,927,51,6,87,58,72,212,239
EG030201KSJH99,2,2,23,9,6,1,5,3,2,50,14,7,3,11,2,0,11,6,2,0,1
EG030201KSSV99,0,5,2,0,0,0,0,0,8,2,0,0,0,0,0,3,1,0,0,0,0
EG030201KUSB99,1,0,0,0,0,0,0,2,0,0,0,0,0,0,0,0,0,0,0,0,0
EG030201LAMM99,10,2,0,1,2,3,0,22,3,1,3,3,3,1,4,2,0,0,0,2,0
EG030201LAMS99,2,0,0,0,0,0,0,2,0,0,6,0,0,0,0,0,0,0,0,0,0
EG030201LAMT99,4,4,44,705,479,97,0,7,4,57,1086,709,122,2,1,1,7,164,117,35,0
EG030201LANM99,0,20,0,0,0,0,0,0,41,0,0,0,0,0,0,6,0,0,0,0,0
EG030201LHOC99,5,2,0,0,0,0,0,7,6,0,0,0,0,0,4,2,0,0,0,0,0
EG030201LIGG99,11,32,0,5,18,0,0,12,48,0,6,24,0,0,6,2,0,1,7,0,0
EG030201LMPP99,0,1,9,0,0,0,0,2,1,21,0,0,0,0,0,0,0,0,0,0,0
EG030201LOKJ99,0,0,0,0,0,1,0,0,0,0,0,0,2,1,0,0,0,0,0,0,0
EG030201MASS99,0,1,0,0,0,0,0,0,1,0,0,0,0,0,0,0,0,0,0,0,0
EG030201PORT99,62,69,190,76,105,46,2,165,119,354,120,229,93,2,29,21,94,38,49,25,1
EG030201RANG99,0,0,2,93,0,0,0,0,0,2,111,0,0,0,0,0,2,22,0,0,0
EG030201RMBN99,0,1,4,42,1,2,0,1,1,7,53,2,3,0,0,1,3,35,1,1,0
EG030201RMJI99,0,0,2,3,10,0,0,0,0,6,10,14,1,0,0,0,1,3,4,0,0
EG030201RMJN99,1,2,21,6,0,0,0,1,2,29,11,0,0,0,0,0,14,4,0,0,0
EG030201RN99,221,15,79,134,102,146,153,557,27,125,187,146,252,215,99,9,45,67,62,79,76
EG030201RYJI99,0,0,12,51,3,1,0,2,1,14,65,13,3,3,0,0,5,36,3,1,0
EG030201S2G99,103,472,141,108,112,3,170,174,779,250,188,259,5,282,42,201,73,56,64,3,75
EG030201S3G99,274,64,59,48,4,0,0,478,117,84,85,4,0,0,134,32,27,30,3,0,0
EG030201SASH99,2,0,0,0,0,0,0,3,0,0,0,0,0,0,1,0,0,0,0,0,0
EG030201SENK99,0,3,0,0,0,0,0,0,5,0,0,0,0,0,0,1,0,0,0,0,0
EG030201SHOW99,13,3,0,0,0,0,0,30,3,0,0,0,0,0,4,0,0,0,0,0,0
EG030201SOLM99,3,1,26,0,2,1,1,5,1,36,0,8,1,2,1,0,15,0,0,1,0
EG030201TASH99,0,2,4,24,5,2,1,1,2,10,34,7,3,7,0,2,4,10,3,2,0
EG030201ZENA99,0,2200,0,1,2,0,0,0,3207,1,1,2,0,4,0,797,0,1,0,0,0
EG030202FAHM99,0,0,0,0,0,1,0,0,0,0,0,0,2,1,0,0,0,0,0,1,0
EG030202KJFD99,0,0,1,1,1,0,0,1,0,1,1,1,2,0,0,0,1,1,0,0,0
EG030301AA99,0,27,4,7,3,19,10,0,37,4,7,8,22,15,0,13,4,4,1,10,4
EG030301AAIE99,0,2,0,0,0,0,0,1,5,0,0,0,0,0,0,1,0,0,0,0,0
EG030301ADA99,0,0,39,68,53,150,12,0,0,54,86,77,198,19,0,0,20,47,28,89,8
EG030301AKS99,4,13,4,21,1,0,4,27,26,17,39,3,0,14,3,11,0,14,1,0,3
EG030301ALS99,0,0,20,5,15,1,10,0,0,36,6,27,4,11,0,0,14,5,11,1,7
EG030301ASAE99,6,1,2,0,0,0,1,8,4,2,0,1,1,1,5,0,1,0,0,0,1
EG030301ASS99,10,36,13,12,115,214,31,18,72,37,18,242,376,37,5,8,7,5,47,99,17
EG030301COSR99,27,0,12,48,24,27,19,31,1,12,49,27,53,22,16,0,6,37,17,18,13
EG030301DAFK99,93,3,0,0,0,0,0,131,5,0,0,0,0,0,47,0,0,0,0,0,0
EG030301DAHE99,33,5,2,0,0,0,0,66,5,2,0,2,0,1,19,0,0,0,0,0,0
EG030301DFJG99,3,0,2,0,0,0,0,3,0,4,1,0,0,0,2,0,1,0,0,0,0
EG030301HAEE99,16,2,0,0,0,0,2,19,6,0,1,0,0,4,6,1,0,0,0,0,1
EG030301HEET99,14,1,0,1,0,0,0,29,1,0,1,0,0,0,7,0,0,0,0,0,0
EG030301JASR99,49,61,32,138,21,52,20,64,120,62,251,33,122,40,26,27,18,87,11,32,14
EG030301KLUM99,52,3,1,1,0,0,0,61,3,5,2,0,0,1,30,1,0,0,0,0,0
EG030301KUMK99,161,2,2,3,0,0,0,174,2,4,3,1,0,0,36,0,0,3,0,0,0
EG030301MOFF99,11,26,28,6,0,12,104,26,80,44,8,0,14,151,6,16,16,3,0,8,59
EG030301WATK99,180,30,2,7,14,0,2,190,30,2,10,15,0,2,53,9,0,3,4,0,0
EG030301WOND99,28,2,0,0,0,0,1,44,4,0,0,0,0,12,10,0,0,0,0,0,0
EG030302ARCO99,2,1,2,83,22,7,26,3,4,4,117,44,9,129,0,0,1,37,11,1,5
EG030302ARNE99,0,2,3,20,207,68,123,0,2,6,35,399,109,202,0,0,2,13,94,18,53
EG030302BANK99NEW,0,0,3,1,3,21,21,0,0,5,2,9,32,34,0,0,2,0,1,7,5
EG030302COFA99,3,1,3,319,261,238,123,4,4,18,567,524,369,204,1,1,2,101,65,63,34
EG030302COLU99,0,2,0,2,0,1,1,0,2,0,6,3,1,1,0,1,0,1,0,0,1
EG030302DOKJ99CONS,0,0,0,0,1,1,0,0,0,0,0,4,7,0,0,0,0,0,0,1,0
EG030302DOOB99NEW,0,2,0,2,29,29,15,1,3,0,3,59,46,33,0,1,0,0,8,4,4
EG030302FAAA99,0,0,0,0,102,51,45,0,0,0,0,160,79,73,0,0,0,0,25,6,15
EG030302FANT9,0,0,0,0,9,59,45,0,0,0,0,12,94,101,0,0,0,0,3,20,11
EG030302MAKO99,0,0,1,2,1,4,1,0,0,4,4,5,9,3,0,0,1,1,0,1,1
EG030302MIFF99,0,0,0,3,0,4,1,0,3,10,4,4,42,35,0,0,0,3,0,0,1
EG030302MIIN99,1,0,2,4,2,53,7,1,0,4,5,3,85,13,0,0,0,2,0,17,2
EG030302MOKF99,24,6,10,1,26,12,34,37,8,22,2,67,19,60,10,0,0,0,3,1,6
EG030302QED2R99,0,0,11,41,27,2,2,0,0,18,52,54,3,2,0,0,7,28,15,1,2
EG030302QEDR99,116,662,711,468,272,65,3,165,1269,1403,879,524,126,3,59,379,375,249,158,42,2
EG030302SHAF99,6,10,280,84,0,0,145,16,14,445,217,11,2,232,1,3,72,19,0,0,37
EG030302SONI99,0,1,0,0,0,0,0,0,2,0,0,0,0,0,0,1,0,0,0,0,0
EG030302ULTR99,1,4,3,125,712,425,107,1,12,8,190,1039,940,171,0,2,0,40,225,108,21
EG030302USSB99,2,0,0,0,2,1,3,3,2,2,1,4,1,4,1,0,0,0,0,1,2
EG030303AIRD99,0,0,0,0,0,0,0,0,2,0,0,0,0,0,0,0,0,0,0,0,0
EG030303ASAU99,0,0,0,0,1,5,2,0,0,0,0,1,11,2,0,0,0,0,0,3,2
EG030303BRAU99,248,167,468,386,137,165,686,270,201,610,448,152,228,750,86,69,182,149,61,75,221
EG030303BRU99,1064,464,204,36,25,6,6,1718,672,378,48,38,12,22,308,132,49,6,5,2,0
EG030303CA002,3,1,3,0,3,0,0,3,2,16,0,3,0,0,1,0,0,0,2,0,0
EG030303CANS99,0,0,0,0,0,0,0,0,0,0,1,0,0,0,0,0,0,0,0,0,0
EG030303CHOP99,8,3,3,0,0,0,0,14,5,3,0,0,0,0,4,2,0,0,0,0,0
EG030303DODK99,224,83,47,106,28,0,0,367,95,64,155,34,0,0,124,60,30,69,25,0,0
EG030303DU99,55,146,25,19,3,4,1,77,152,36,24,6,4,3,23,54,10,13,2,2,0
EG030303EBG99,5,2,0,1,0,0,3,21,15,0,1,0,0,4,1,1,0,0,0,0,1
EG030303EFG99,125,83,4,41,32,11,2,279,200,15,74,82,30,4,70,44,3,21,17,3,1
EG030303EIJG99,0,0,0,0,0,0,1,0,0,0,0,0,0,1,0,0,0,0,0,0,1
EG030303EJG99,8,11,11,0,0,0,0,12,19,22,0,1,1,0,6,1,3,0,0,0,0
EG030303ELG99,140,47,6,5,0,2,0,203,58,7,5,0,2,3,60,27,5,2,0,1,0
EG030303ENG99,91,146,307,199,134,125,96,134,231,760,324,289,249,181,42,46,106,75,43,44,40
EG030303EOG99,1,1,1,2,0,1,0,6,1,3,4,0,1,0,0,1,1,0,0,1,0
EG030303EQG99,5,4,2,0,0,0,0,5,4,2,0,0,0,0,3,3,0,0,0,0,0
EG030303ERG99,431,2,61,128,0,17,36,719,2,90,179,0,26,53,127,1,29,46,0,9,18
EG030303ESG99,6,5,0,36,17,6,4,19,6,0,39,29,8,4,2,4,0,27,16,6,1
EG030303EUG99,21,15,5,0,0,0,0,39,17,6,0,0,0,0,12,8,3,0,0,0,0
EG030303EZG99,13,16,0,1,0,0,0,36,26,1,1,0,3,0,8,8,0,0,0,0,0
EG030303FAL99,0,0,0,0,0,0,0,0,0,0,0,0,0,2,0,0,0,0,0,0,0
EG030303FALL99,0,13,74,3,23,19,2,1,29,80,6,25,19,2,0,5,28,2,8,2,0
EG030303FALM99,17,50,5,11,4,0,0,48,52,16,21,4,0,0,4,17,3,5,2,0,0
EG030303FILY99,208,0,0,0,0,0,0,269,0,0,0,0,0,0,85,0,0,0,0,0,0
EG030303FRYI99,0,1,0,0,0,0,0,0,1,0,0,0,0,0,0,0,0,0,0,0,0
EG030303GAZZ99,13,0,4,2,3,4,0,34,2,7,2,4,4,0,2,0,0,0,3,1,0
EG030303GHSS99NEW,2100,460,1697,1209,46,134,164,3196,914,2889,2184,77,238,281,522,149,468,282,14,64,65
EG030303ICEE99,5,23,135,184,5,0,0,7,31,235,336,10,0,0,3,12,73,109,3,0,0
EG030303JHAG99,0,0,0,0,4,1,1,0,0,0,1,19,1,3,0,0,0,0,2,1,1
EG030303JHG99,0,0,0,3,6,4,5,0,0,0,4,13,7,8,0,0,0,1,4,4,2
EG030303JHU99,0,0,0,0,0,0,40,0,0,0,0,0,0,74,0,0,0,0,0,0,13
EG030303JPG99,118,0,155,0,0,0,0,284,0,354,0,0,0,0,43,0,57,0,0,0,0
EG030303JRG99,159,161,15,2,0,1,7,273,252,28,3,2,3,9,91,80,8,1,0,0,3
EG030303JUIC99,140,72,72,58,0,0,0,225,100,144,93,0,0,0,65,33,38,22,0,0,0
EG030303JUJU99,0,0,0,0,0,0,8,0,0,0,0,0,0,13,0,0,0,0,0,0,5
EG030303KABA99,10,0,0,0,0,0,0,22,0,0,0,0,0,0,5,0,0,0,0,0,0
EG030303KB1057,10,0,2,3,2,0,0,15,0,5,6,11,0,0,8,0,1,2,1,0,0
EG030303KBAA99,453,741,823,183,27,74,85,917,1467,1693,270,90,145,213,265,423,423,94,8,20,30
EG030303KC3016,6,5,109,5,36,75,48,10,8,198,6,67,129,69,2,2,66,3,23,40,28
EG030303KC3018,7,27,1,1,0,1,3,12,47,1,2,0,1,3,3,16,1,1,0,0,3
EG030303KD1095,301,441,7,8,8,23,132,323,455,7,8,9,25,156,111,184,2,6,0,8,40
EG030303KD6015,5,6,7,2,6,0,3,7,14,29,2,7,0,3,3,3,2,2,4,0,3
EG030303KES99,0,0,0,0,19,0,1,0,0,0,0,33,0,2,0,0,0,0,10,0,1
EG030303MAEK99,5,17,0,0,0,0,0,10,39,0,0,0,0,0,2,11,0,0,0,0,0
EG030303MAKS99,33,29,0,0,0,0,0,46,46,0,0,0,1,0,13,11,0,0,0,0,0
EG030303MALH99,0,15,25,15,72,45,0,0,15,25,18,76,45,0,0,8,8,8,30,19,0
EG030303MARW02,0,0,0,0,0,0,0,3,0,1,0,2,2,1,0,0,0,0,0,0,0
EG030303MARW03,0,0,0,0,2,6,0,0,1,1,0,8,42,4,0,0,0,0,1,1,0
EG030303MARW05,0,0,0,0,0,0,0,0,0,1,7,0,0,0,0,0,0,0,0,0,0
EG030303MECH99,20,4,0,0,0,0,0,23,8,0,0,0,0,1,12,2,0,0,0,0,0
EG030303MKWA99,82,1,3,1,3,4,1,177,1,4,1,4,7,2,52,0,3,0,1,0,1
EG030303MOAZ99CONS,0,0,0,1,5,1,14,0,0,0,2,9,4,25,0,0,0,0,4,0,3
EG030303MSSH99,61,1,2,0,0,0,2,160,5,3,3,0,0,2,33,1,2,0,0,0,2
EG030303MVNB99,50,23,0,0,0,0,0,81,47,0,0,0,0,0,28,14,0,0,0,0,0
EG030303NOKB99,1,6,45,521,82,0,0,3,16,65,648,134,0,0,0,4,32,276,46,0,0
EG030303OKAG99,0,0,0,12,10,28,76,0,0,0,21,24,46,131,0,0,0,2,3,7,27
EG030303OUTM99,0,1,9,0,0,0,0,0,1,9,0,0,0,0,0,0,2,0,0,0,0
EG030303SDHG99,0,0,0,181,198,19,1,0,0,0,304,320,23,2,0,0,0,74,86,7,1
EG030303SE99,0,0,0,0,0,0,5,0,0,0,0,0,0,9,0,0,0,0,0,0,3
EG030303SHH99,1968,1398,749,103,0,0,0,1993,1414,802,124,0,0,0,985,658,344,47,0,0,0
EG030303SHWB99,173,321,36,0,0,0,0,179,323,36,0,0,0,0,84,150,15,0,0,0,0
EG030303SILV99,3,1,3,0,0,0,0,4,1,3,2,0,0,0,2,0,0,0,0,0,0
EG030303SONK99,0,0,0,0,5,13,2,0,0,0,0,5,23,4,0,0,0,0,2,3,1
EG030303SSH99,61,13,0,0,0,0,0,104,19,0,0,0,0,0,36,9,0,0,0,0,0
EG030303TH99,43,238,189,39,0,84,26,68,298,319,42,0,103,42,14,141,107,24,0,48,19
EG030303TRAO99,2,3,1,0,0,0,0,2,5,1,0,0,0,0,2,3,1,0,0,0,0
EG030303TRZZ99,20,13,2,13,4,28,0,25,17,4,20,4,33,0,7,8,2,6,2,12,0
EG030303U1S99,0,4,5,4,4,0,0,0,4,9,15,7,0,1,0,2,3,2,2,0,0
EG030303UYH99,385,436,648,168,16,0,0,745,705,1161,278,35,0,0,191,223,328,86,10,0,0
EG030303VSSI99,0,0,0,0,0,0,0,0,0,0,0,1,0,0,0,0,0,0,0,0,0
EG030303WALA99,0,0,0,3,4,1,1,0,0,2,3,5,6,2,0,0,0,3,1,1,1
EG030303WASE99,0,0,0,0,0,0,4,0,0,0,0,0,0,5,0,0,0,0,0,0,3
EG030303WASH99,3,8,0,0,0,0,0,9,14,0,0,0,0,0,2,7,0,0,0,0,0
EG030304FIIB99C276,0,0,0,0,0,0,0,0,0,0,0,1,0,0,0,0,0,0,0,0,0
EG030304MRTT99C276,0,0,0,4,0,1,3,0,0,0,4,0,1,3,0,0,0,4,0,0,3
EG030304SAKI99,0,1,0,0,0,0,0,0,1,8,0,0,0,0,0,1,0,0,0,0,0
EG030304WAKI99C276,0,0,0,0,0,0,2,0,0,0,0,0,0,4,0,0,0,0,0,0,1
EG030401AAAF99,0,0,28,17,4,2,0,0,0,30,18,4,2,0,0,0,13,9,2,0,0
EG030401AAF99,15,20,10,0,0,0,1,22,34,10,0,0,0,1,4,12,2,0,0,0,1
EG030401AFAF99,194,270,529,135,7,16,104,231,275,623,144,7,18,111,51,112,196,58,1,5,27
EG030401AP99,24,0,615,81,4,0,54,30,0,917,87,4,0,83,14,0,425,51,4,0,27
EG030401ASSE99,1394,703,295,69,7,6,13,2166,1026,458,91,13,10,13,624,342,144,34,2,2,5
EG030401B99,6,1,2,2,1,0,0,6,1,5,3,1,0,0,3,1,2,2,1,0,0
EG030401BAAN99,1181,457,133,27,203,610,510,2110,781,228,32,333,993,720,575,236,60,15,114,302,230
EG030401BAU99,0,0,0,0,0,0,748,0,0,0,0,0,0,763,0,0,0,0,0,0,204
EG030401BBA99,0,0,0,0,0,21,205,0,0,0,0,0,39,218,0,0,0,0,0,8,53
EG030401BBJ99,32,11,25,0,0,59,0,52,18,36,0,0,81,1,15,6,8,0,0,25,0
EG030401BE99,13,4,1,2,0,0,0,81,4,2,2,0,0,0,3,1,1,0,0,0,0
EG030401BEJ99,3,3,14,0,1,27,1,7,5,21,0,1,47,1,2,2,5,0,0,5,0
EG030401BESJ99,21,5,16,9,14,44,3,40,9,37,11,22,85,4,11,4,8,1,11,16,2
EG030401BGZZ99,0,0,1,0,0,0,2,0,0,1,0,1,0,7,0,0,0,0,0,0,1
EG030401BLEN99,2,2,4,1,1,2,1,6,3,5,5,2,3,2,1,0,0,0,1,0,1
EG030401BMFB99,8,2,1,0,0,0,0,21,2,5,0,0,0,0,1,2,0,0,0,0,0
EG030401BN99,0,0,0,0,0,0,11,0,0,0,0,0,0,19,0,0,0,0,0,0,4
EG030401BOB99,118,2,0,0,0,0,0,188,9,0,0,0,2,1,66,1,0,0,0,0,0
EG030401BOKH99,112,224,165,807,631,772,481,219,440,221,938,900,1020,650,60,115,93,394,358,397,227
EG030401BOMH99,0,0,0,0,0,16,6,0,0,0,0,0,30,7,0,0,0,0,0,9,3
EG030401BOTG9,20,0,0,0,0,0,5,29,0,0,0,2,0,9,4,0,0,0,0,0,2
EG030401BRAU99,368,464,532,1837,2124,1762,869,510,499,547,1899,2198,1871,937,113,195,246,877,836,630,303
EG030401BRED99,22,6,6,0,0,0,0,26,16,25,0,0,0,0,8,2,0,0,0,0,0
EG030401CAF99,102,11,3,1,1,2,2,149,17,3,2,1,2,2,46,3,0,0,0,2,1
EG030401CITT99,1,0,0,0,0,0,0,6,0,0,0,0,0,0,1,0,0,0,0,0,0
EG030401CLVL99NEW,2151,1482,5273,3260,3340,2581,77,4048,2651,8644,5368,6211,4701,146,975,650,2599,1512,1625,1183,26
EG030401CNEW99,0,0,0,0,0,289,1369,0,0,0,0,0,546,2197,0,0,0,0,0,162,579
EG030401CNEW99WW,0,0,0,0,0,85,364,0,0,0,0,0,168,681,0,0,0,0,0,44,149
EG030401CO99,29,199,145,144,208,426,19,58,318,252,216,298,632,33,11,80,66,64,101,170,11
EG030401COFE99,8,5,7,5,2,2,5,12,9,16,7,3,8,6,4,0,1,2,0,1,2
EG030401COO99,32,0,0,0,0,0,0,52,0,0,0,0,0,0,14,0,0,0,0,0,0
EG030401D18G99,0,0,0,2,0,0,0,0,0,0,2,0,0,0,0,0,0,2,0,0,0
EG030401D2P99,0,0,7,0,0,4,108,0,0,14,0,0,7,158,0,0,3,0,0,3,74
EG030401DP99,5,4,4,6,8,7,6,8,15,4,18,34,8,8,5,2,4,5,2,2,2
EG030401DSPG99,7,0,0,0,1,1,1,15,1,0,1,2,1,1,3,0,0,0,0,1,1
EG030401DSPG99C8,0,0,0,0,0,1,0,0,0,0,0,0,5,0,0,0,0,0,0,1,0
EG030401EIID99,27,170,24,0,11,0,0,53,294,40,0,27,0,0,7,61,8,0,5,0,0
EG030401EJW99,0,0,0,0,0,0,2,0,0,0,0,0,0,8,0,0,0,0,0,0,0
EG030401EW99,0,0,0,0,0,0,2,0,0,0,0,0,0,3,0,0,0,0,0,0,2
EG030401EYTW99,0,0,0,0,0,58,185,0,0,0,0,0,88,332,0,0,0,0,0,24,82
EG030401F99,160,60,12,1,0,0,1,173,61,13,1,0,0,1,34,15,5,0,0,0,1
EG030401FALM06NEW,27,11,0,1,0,0,0,51,12,0,1,1,0,0,14,2,0,1,0,0,0
EG030401FARK99,1,0,0,1,1,0,0,2,1,0,1,1,0,0,1,0,0,1,1,0,0
EG030401FFAA99,2,4,0,0,0,0,0,3,4,0,0,0,0,0,1,1,0,0,0,0,0
EG030401FION99,85,136,1,10,27,48,0,98,142,1,12,28,50,0,30,56,1,3,16,20,0
EG030401G99,85,330,437,512,637,216,306,89,331,450,522,667,219,316,42,162,212,245,310,110,145
EG030401GB99,19,0,0,0,1,0,0,22,0,2,0,1,0,1,4,0,0,0,0,0,0
EG030401GH99,15,7,29,1,4,24,0,24,7,39,1,4,31,0,5,3,15,0,1,11,0
EG030401GR2F99,18,10,13,1,1,1,0,29,14,23,3,1,1,0,8,7,6,0,1,1,0
EG030401GR3F99,6,4,11,1,2,0,0,12,5,20,2,2,0,0,3,0,7,0,1,0,0
EG030401GREF99,6,5,12,5,3,0,0,15,6,20,6,7,0,1,3,3,3,3,3,0,0
EG030401GREN03NEW,0,0,0,0,0,1,3,0,0,0,0,0,1,4,0,0,0,0,0,1,1
EG030401GRIL99C8,2,0,1,1,4,6,2,3,1,2,4,9,12,5,0,0,0,1,1,3,1
EG030401GRIN99,7,0,0,0,0,0,0,12,0,0,0,0,0,0,4,0,0,0,0,0,0
EG030401GRS99,12,6,12,0,1,15,0,13,8,21,0,1,22,0,6,3,7,0,0,7,0
EG030401GRSH99,8,4,9,2,0,8,0,9,4,10,8,0,11,0,7,2,7,2,0,4,0
EG030401GRY99,196,30,5,2,0,0,0,290,43,7,3,2,0,0,71,8,3,2,0,0,0
EG030401HADS99C33,0,0,1,4,22,2,2,3,1,2,8,30,5,5,0,0,1,3,15,2,0
EG030401HANDD99,768,894,867,535,579,348,201,1247,1362,1233,979,787,416,245,318,376,319,196,260,128,83
EG030401HDD99,0,0,0,0,0,0,190,0,0,0,0,0,0,248,0,0,0,0,0,0,76
EG030401HFZZ99,104,64,16,17,37,3,0,186,93,31,29,70,12,0,48,18,5,7,16,1,0
EG030401HNND99,3,7,3,1,2,7,0,3,7,3,1,2,23,0,2,4,2,1,2,3,0
EG030401IJS99,0,0,0,0,0,0,26,0,0,0,0,0,2,53,0,0,0,0,0,0,13
EG030401JAJ99,4,0,1,12,4,8,4,28,0,1,14,5,10,5,1,0,0,8,2,3,1
EG030401JHA99,0,0,0,0,0,51,259,0,0,0,0,0,100,485,0,0,0,0,0,25,121
EG030401JJ99,5,3,0,0,0,0,0,7,8,0,0,0,1,0,2,1,0,0,0,0,0
EG030401JP99,0,2,2,0,0,0,0,0,2,3,0,0,0,0,0,0,0,0,0,0,0
EG030401KABA99,1625,1310,1941,1279,612,558,974,2529,2044,2625,1659,1095,946,1260,770,691,918,619,279,232,371
EG030401KACA99,0,0,0,0,0,132,117,0,0,0,0,0,273,215,0,0,0,0,0,59,55
EG030401KEEN99,389,289,152,0,0,144,1036,823,553,298,0,0,214,1616,176,149,68,0,0,64,484
EG030401KJP99,6,1,0,0,0,0,0,7,1,0,0,0,0,0,1,0,0,0,0,0,0
EG030401LUN9,3,23,6,61,134,88,21,8,76,18,100,231,171,37,1,9,2,35,94,59,15
EG030401MADR99C33,3,4,8,3,1,0,0,10,9,17,9,2,2,0,2,3,2,2,1,0,0
EG030401MAHA99,17,8,9,0,2,0,0,31,14,17,0,7,0,0,5,5,4,0,2,0,0
EG030401MARW99,1,0,0,5,0,5,4,2,1,0,6,1,12,7,0,0,0,3,0,2,1
EG030401MEET99,2,0,0,0,0,5,0,3,0,0,0,2,8,0,2,0,0,0,0,2,0
EG030401MLNI99,3,4,2,2,3,3,86,3,4,3,5,7,10,138,2,2,1,0,3,1,42
EG030401MOAK99,0,10,1,13,0,0,0,0,12,2,16,0,0,2,0,9,1,9,0,0,0
EG030401MR99,0,0,0,0,0,0,8,0,0,0,0,0,0,24,0,0,0,0,0,0,4
EG030401NEWS99,0,879,168,0,0,0,0,0,1636,317,0,0,0,0,0,475,77,0,0,0,0
EG030401NSILS99,1,0,0,69,0,0,0,2,3,0,79,0,0,0,1,0,0,36,0,0,0
EG030401OF2R99,15,9,17,6,3,1,0,21,14,21,6,3,1,0,6,3,10,5,2,1,0
EG030401OF3R99,8,5,9,4,0,0,0,15,6,15,10,0,0,0,3,4,3,1,0,0,0
EG030401OFFR99,10,8,5,2,2,0,0,15,10,6,3,2,0,0,3,7,1,1,2,0,0
EG030401OFWI99,73,6,4,1,2,0,0,102,12,4,12,2,1,0,32,3,4,1,0,0,0
EG030401OZ12B99,0,0,8,175,15,0,1,0,0,8,387,28,1,4,0,0,2,82,7,0,1
EG030401OZ12G99,3,1,4,92,4,4,4,3,1,9,126,7,4,6,0,1,1,60,2,4,3
EG030401OZ12K99,3,2,4,68,1,1,0,14,2,5,96,4,3,0,0,2,2,38,1,1,0
EG030401OZ16B99,1,0,3,98,2,6,1,2,0,4,128,3,7,3,0,0,3,53,0,5,0
EG030401OZ16G99,1,0,4,43,5,3,5,1,0,6,55,6,3,7,0,0,1,28,3,2,2
EG030401OZ16K99,1,3,5,37,3,0,1,1,3,7,47,6,0,2,0,1,2,24,1,0,1
EG030401OZ18B99,1,2,0,84,6,3,0,2,2,3,105,8,3,0,1,2,0,47,2,3,0
EG030401OZ18G99,1,0,0,50,2,2,0,1,0,1,63,2,3,1,0,0,0,31,1,1,0
EG030401OZ18K99,2,0,1,28,2,1,3,2,0,1,35,2,1,3,1,0,1,21,1,1,3
EG030401PCR99,219,64,38,10,15,8,5,352,111,91,12,73,16,9,121,38,22,7,6,2,4
EG030401PIN99,48,0,1,0,0,0,0,87,1,1,0,0,0,0,26,0,1,0,0,0,0
EG030401PPCR99,183,170,189,185,222,0,5,282,302,367,384,388,0,5,121,100,104,119,140,0,3
EG030401QALL99,21,22,0,0,0,0,0,34,45,0,0,0,0,0,13,13,0,0,0,0,0
EG030401RAAA99,4,2,1,0,0,0,0,7,3,2,2,0,0,0,1,2,1,0,0,0,0
EG030401RAF99,10,8,7,6,5,8,2,15,13,9,9,11,15,6,7,2,2,2,4,5,1
EG030401RAFF99,0,14,36,5,2,0,0,0,14,36,10,7,3,1,0,4,13,2,0,0,0
EG030401RAFFF99,25,1,2,1,2,0,0,27,1,2,2,3,0,1,8,0,1,0,0,0,0
EG030401RAQF99,95,37,3,7,1,3,0,105,49,3,7,1,4,0,35,11,2,4,1,2,0
EG030401RAR99,0,1,2,0,0,0,0,0,1,2,1,0,0,0,0,0,0,0,0,0,0
EG030401REDE01NEW,46,0,0,0,0,0,0,47,0,0,0,0,0,0,13,0,0,0,0,0,0
EG030401RF99,0,1,1,0,0,0,0,0,2,1,0,0,0,0,0,1,1,0,0,0,0
EG030401RFU99,5,4,4,15,44,20,4,9,8,5,27,71,27,5,4,2,2,10,28,10,0
EG030401ROLA99,0,0,0,0,0,0,1,0,0,2,1,0,0,1,0,0,0,0,0,0,1
EG030401S1P99,10,0,0,0,0,0,0,15,0,0,1,0,0,0,4,0,0,0,0,0,0
EG030401S2P99,0,0,95,18,0,0,3,0,0,177,28,0,0,10,0,0,39,10,0,0,2
EG030401SALV06,16,11,0,0,0,0,0,30,12,0,0,0,0,0,8,5,0,0,0,0,0
EG030401SE99,5,8,3,0,7,0,0,5,8,3,0,10,0,0,2,5,2,0,2,0,0
EG030401SIDV99,719,115,8,15,7,9,2,889,121,13,20,8,9,9,252,31,2,6,4,2,1
EG030401SKHN99,1066,440,54,0,0,0,0,2146,854,83,0,0,0,0,414,193,23,0,0,0,0
EG030401SLCR99,363,48,15,19,24,132,20,415,50,19,26,40,243,33,117,19,6,5,9,63,6
EG030401SLIS99,100,174,11,0,21,0,0,239,287,16,0,26,0,0,51,93,6,0,8,0,0
EG030401SLIV06,3,0,0,0,0,0,0,6,0,0,0,0,0,0,1,0,0,0,0,0,0
EG030401SLIV06C531,11,0,0,0,0,0,0,19,0,0,0,0,0,0,4,0,0,0,0,0,0
EG030401SLVV06NEW,86,4,0,2,0,0,0,86,5,0,3,0,0,0,39,2,0,1,0,0,0
EG030401SMAL99,186,22,52,109,282,76,24,324,29,92,146,453,153,53,41,12,27,31,97,23,11
EG030401SN99,0,0,337,627,164,28,9,0,1,679,1047,301,50,14,0,0,157,287,69,17,6
EG030401SP99,33,0,0,0,0,45,5,33,0,0,0,0,53,5,22,0,0,0,0,28,3
EG030401SPP99,66,14,8,50,45,101,2,90,17,9,75,90,129,2,38,11,6,36,26,59,1
EG030401SSS99,0,0,0,13,40,28,3,0,0,0,17,47,37,3,0,0,0,6,26,18,3
EG030401SWP99,1,1,0,4,1,2,4,1,1,0,7,3,8,5,1,0,0,2,1,2,2
EG030401TA4G99,3,6,132,56,12,5,4,3,8,215,63,14,5,4,2,1,43,23,3,1,0
EG030401TA5G99,0,1,2,4,1,0,0,0,1,2,4,1,0,0,0,0,0,1,0,0,0
EG030401TA6G99,0,0,6,43,33,8,16,0,0,10,60,44,12,19,0,0,5,34,21,7,8
EG030401TAG99,3314,4842,4819,2763,2252,319,198,3371,4900,4902,2778,2298,319,204,1520,2101,2135,1182,966,135,88
EG030401TASA99,2,0,0,0,0,4,0,4,3,1,0,0,5,0,0,0,0,0,0,4,0
EG030401TGGB99,611,198,695,199,0,0,99,904,255,967,265,0,0,142,266,88,302,84,0,0,38
EG030401TORM99,1,0,0,0,163,269,44,5,0,0,0,252,468,99,0,0,0,0,103,148,22
EG030401TRBU99,0,0,0,0,0,0,0,0,0,0,0,0,0,1,0,0,0,0,0,0,0
EG030401TURR99NEW,20,6,15,4,4,2,3,44,10,24,10,10,9,5,18,4,10,3,2,1,2
EG030401W2P99,0,0,0,0,0,0,0,0,0,0,0,0,1,3,0,0,0,0,0,0,0
EG030401WAFF99,20,23,0,0,3,2,0,93,34,0,0,4,4,1,6,10,0,0,1,0,0
EG030401Z16B99,1,0,0,0,0,0,0,1,0,0,0,0,0,0,0,0,0,0,0,0,0
EG030402ATMM99,6,2,714,919,282,492,269,12,4,994,1283,439,747,446,3,2,316,412,125,217,138
EG030402ATTK99,7,36,0,0,0,0,0,27,69,0,0,0,0,0,2,21,0,0,0,0,0
EG030402BALH99,84,598,0,0,0,0,0,86,606,0,0,0,0,0,35,241,0,0,0,0,0
EG030402BANAT99,14,245,228,9,70,92,191,18,507,476,15,120,182,343,10,106,78,2,33,36,92
EG030402BATO99,3,0,0,0,0,0,10,7,0,0,0,0,0,14,2,0,0,0,0,0,5
EG030402BOUR99,0,0,0,0,0,0,1,0,0,0,0,0,0,1,0,0,0,0,0,0,1
EG030402CHME99,32,4,5,4,0,0,0,42,6,7,4,0,0,0,26,4,4,1,0,0,0
EG030402CLOS99,0,0,0,53,107,258,94,0,0,3,81,149,368,133,0,0,0,33,69,163,50
EG030402CLSH99,0,1,0,0,1,0,0,0,1,0,0,1,0,0,0,0,0,0,0,0,0
EG030402DESPN99,0,30,10,0,0,0,0,1,39,11,0,0,0,0,0,21,7,0,0,0,0
EG030402EIID99,36,21,3,0,0,0,0,73,29,10,0,0,0,0,18,15,1,0,0,0,0
EG030402FOWS06,10,22,6,0,0,0,0,11,22,7,0,0,0,0,2,9,1,0,0,0,0
EG030402GARD99,0,0,0,1,0,2,1,0,0,0,2,0,2,1,0,0,0,0,0,2,1
EG030402GEHZ99,1,7,12,0,0,0,0,1,9,12,0,0,0,0,1,6,8,0,0,0,0
EG030402HGR99,0,0,0,6,38,9,2,0,0,0,11,94,16,7,0,0,0,5,14,6,1
EG030402ICEC99,0,0,4,11,0,6,1,0,0,4,12,0,6,1,0,0,4,8,0,3,0
EG030402KULB99,23,19,4,5,9,15,14,23,19,4,5,10,16,16,7,11,3,1,5,11,9
EG030402LB0099,0,0,0,0,0,0,0,0,0,1,0,0,0,0,0,0,0,0,0,0,0
EG030402LEFF99,0,0,0,0,0,0,1,0,0,0,0,0,0,2,0,0,0,0,0,0,1
EG030402LUNC99,0,0,0,0,0,0,0,1,0,1,0,0,0,0,0,0,0,0,0,0,0
EG030402MADK99,22,0,6,5,29,8,0,42,0,10,6,58,9,0,7,0,3,1,15,3,0
EG030402MASM99,0,0,0,0,0,0,0,1,3,0,0,0,0,0,0,0,0,0,0,0,0
EG030402MATB99,7,0,0,0,0,0,0,14,0,0,0,0,0,0,2,0,0,0,0,0,0
EG030402MATD99,1,0,1,1,0,0,1,2,0,3,2,0,0,2,0,0,0,1,0,0,1
EG030402MERW99,0,0,0,0,0,0,0,0,1,0,0,0,0,0,0,0,0,0,0,0,0
EG030402RADS99,0,1,0,0,0,0,0,1,3,0,0,0,0,0,0,1,0,0,0,0,0
EG030402SAFG99,2,1,1,17,20,0,0,2,1,1,18,22,0,0,2,0,1,11,10,0,0
EG030402SALA99,0,0,0,0,0,0,0,0,1,0,0,0,0,0,0,0,0,0,0,0,0
EG030402SASA99,0,0,0,0,4,4,2,0,0,0,2,15,6,7,0,0,0,0,3,2,1
EG030402SBRR99,0,0,0,0,0,0,0,0,0,0,0,0,0,3,0,0,0,0,0,0,0
EG030402SFFA99,0,0,0,0,0,0,0,0,0,0,1,0,0,0,0,0,0,0,0,0,0
EG030402SHHH99,0,0,2,0,15,1,1,0,0,2,0,28,2,1,0,0,1,0,9,1,0
EG030402SOFR99,11,34,18,50,72,60,13,11,34,21,52,75,62,15,6,15,5,31,41,29,8
EG030402SPKL99,0,0,1,0,0,0,0,0,4,1,0,1,0,0,0,0,1,0,0,0,0
EG030402SREP99,3,1,0,0,0,0,0,6,2,0,0,0,0,0,3,0,0,0,0,0,0
EG030402STANL99,0,1,0,0,1,0,1,0,1,0,0,1,4,1,0,0,0,0,0,0,1
EG030402SU2G99,0,0,0,0,0,0,0,0,0,0,0,0,0,4,0,0,0,0,0,0,0
EG030402SUG99,0,0,0,13,49,1,2,0,0,0,18,95,2,3,0,0,0,9,31,1,1
EG030402SUSG99,99,0,1,7,0,0,3,133,0,1,14,0,0,8,64,0,1,5,0,0,2
EG030402SWSF99,387,295,965,790,400,290,915,594,446,1481,1150,698,484,1464,219,167,574,462,242,180,457
EG030402SYUG99,0,0,0,0,204,1440,668,0,0,0,0,435,2582,1112,0,0,0,0,75,523,251
EG030402TEDS99,2,0,0,5,5,0,2,2,0,0,8,9,1,4,2,0,0,3,3,0,1
EG030402TOKH99,0,0,0,0,0,0,2,0,0,0,0,2,0,7,0,0,0,0,0,0,2
EG030402TREN99,0,3,2,0,0,0,0,0,5,2,0,0,0,0,0,0,2,0,0,0,0
EG030402TSWS99,3,0,0,1,5,15,107,6,0,0,3,11,29,166,2,0,0,1,4,11,73
EG030402TTET99,11,0,0,0,0,0,0,11,1,1,2,0,0,0,6,0,0,0,0,0,0
EG030402ZZMN99,1,0,8,3,0,0,0,1,0,11,4,0,0,0,0,0,5,2,0,0,0
EG030403AKYA99,0,0,0,0,0,3,2,0,0,0,0,0,3,3,0,0,0,0,0,1,2
EG030403ARMO99,0,0,1,5,3,0,0,3,2,1,5,4,0,0,0,0,1,2,0,0,0
EG030403ASA99,0,0,0,2,57,99,86,0,0,0,2,107,165,167,0,0,0,1,34,65,63
EG030403HGA99,0,0,53,70,0,0,0,0,0,89,147,0,0,0,0,0,35,40,0,0,0
EG030403ORGN99,2,1,4,1,0,0,0,5,1,4,3,0,1,0,2,1,0,0,0,0,0
EG030404BATO99,2,5,8,4,0,11,2,2,9,16,7,1,15,2,0,1,3,3,0,8,2
EG030404COFF99,0,0,1,0,0,0,1,0,0,1,1,0,0,1,0,0,1,0,0,0,1
EG030404CUTT99,205,42,0,23,139,114,9,362,85,0,40,304,249,20,106,20,0,13,83,70,9
EG030404OISP99,0,4,0,0,0,0,0,0,4,0,0,0,0,0,0,3,0,0,0,0,0
EG030404PANS99,5,0,0,0,0,0,0,12,0,0,0,0,0,0,4,0,0,0,0,0,0
EG030404STAR99,0,0,228,437,122,31,3,0,0,311,666,169,51,22,0,0,116,215,52,10,2
EG030404TAHM99,4,1,0,0,0,0,0,10,2,0,0,0,0,0,4,0,0,0,0,0,0
EG030405AESH99,0,0,0,0,0,9,4,0,0,0,0,0,28,13,0,0,0,0,0,2,2
EG030405AH99,0,0,0,0,0,90,158,0,0,0,0,0,141,253,0,0,0,0,0,26,33
EG030405AJH99,0,0,0,0,0,23,12,0,0,0,0,0,37,21,0,0,0,0,0,4,3
EG030405JNB99,0,0,0,0,0,0,0,0,0,0,0,0,0,16,0,0,0,0,0,0,0
EG030405POP99,0,0,0,0,0,0,1,0,0,0,0,0,0,1,0,0,0,0,0,0,1
EG030405POT99,0,0,0,0,0,0,191,0,0,0,0,0,0,279,0,0,0,0,0,0,98
EG030405POUT99,0,0,0,0,0,0,56,0,0,0,0,0,0,92,0,0,0,0,0,0,14
EG030405YLGP99,0,0,0,0,0,0,5,0,0,0,0,0,0,7,0,0,0,0,0,0,2
EG030405YNP99,0,0,0,0,0,0,1,0,0,0,0,0,0,2,0,0,0,0,0,0,0
EG0305012RMR99,0,0,0,1,0,0,0,0,0,0,1,0,0,0,0,0,0,0,0,0,0
EG030501A1D99,1,0,0,0,0,0,0,1,0,0,0,0,0,0,0,0,0,0,0,0,0
EG030501A2D99,0,0,0,0,0,0,0,1,0,2,0,0,0,0,0,0,0,0,0,0,0
EG030501AIUG99,0,0,0,0,1,0,0,0,0,0,0,3,1,0,0,0,0,0,1,0,0
EG030501AKSF99,0,0,1,0,0,1,0,0,0,1,0,0,1,0,0,0,0,0,0,1,0
EG030501ASD99,0,0,0,0,0,0,6,0,0,0,0,0,0,13,0,0,0,0,0,0,3
EG030501ASLD99,183,946,1862,1280,1723,1057,1067,412,1519,3766,2228,3358,2007,1763,70,406,775,558,775,457,478
EG030501ASOD99,0,0,0,0,0,0,0,0,0,0,0,0,0,1,0,0,0,0,0,0,0
EG030501AUD99,0,0,0,0,0,0,89,0,0,0,0,0,0,144,0,0,0,0,0,0,46
EG030501AWH99,0,0,0,0,0,0,0,0,0,1,0,0,0,1,0,0,0,0,0,0,0
EG030501B5P99,0,0,1,1,3,1,5,0,1,2,1,3,1,11,0,0,0,1,3,0,0
EG030501BAB99,1,0,0,0,0,0,0,1,0,0,0,0,0,0,1,0,0,0,0,0,0
EG030501BAGG99,1,0,0,0,0,0,0,1,0,0,0,0,0,0,1,0,0,0,0,0,0
EG030501BEG21,34,43,31,6,0,0,0,49,53,41,10,0,0,0,18,19,21,2,0,0,0
EG030501BEGI21,68,77,47,16,0,0,0,98,112,59,19,0,0,0,38,45,22,10,0,0,0
EG030501BGER99,309,340,285,252,189,53,41,460,459,373,399,245,73,47,162,171,151,124,95,28,18
EG030501BHKG99,0,1,0,0,0,0,0,0,1,0,0,0,0,0,0,1,0,0,0,0,0
EG030501BNNN9,0,0,0,0,0,21,3,0,0,0,0,0,34,5,0,0,0,0,0,12,1
EG030501BNNN99,0,0,0,24,10,38,12,0,0,0,35,13,76,23,0,0,0,11,6,22,4
EG030501BUNS99,1,0,0,1,24,50,4,1,0,0,1,27,83,4,0,0,0,0,15,28,4
EG030501BXOD99,0,1,0,0,0,0,0,0,1,0,0,0,0,0,0,0,0,0,0,0,0
EG030501CKKA99,0,0,0,0,0,150,186,0,0,0,0,0,204,239,0,0,0,0,0,107,136
EG030501CLNA99,1,1,4,34,35,516,873,3,1,5,51,49,672,1131,1,1,3,20,23,347,601
EG030501COBB99,2,1,6,7,0,0,0,2,2,12,8,0,0,0,0,0,1,5,0,0,0
EG030501COFF99,0,0,0,0,0,2,0,0,0,0,0,0,2,0,0,0,0,0,0,0,0
EG030501CONV07,0,0,0,0,0,0,1,0,0,0,2,0,1,1,0,0,0,0,0,0,0
EG030501COOO99,6,1,3,2,4,3,1,7,1,3,2,4,5,1,1,1,2,1,3,2,1
EG030501DAFA99,292,3,80,62,0,1,0,414,3,85,64,0,1,0,105,3,32,24,0,0,0
EG030501DOSS99,2,8,2,3,3,0,0,5,13,3,6,3,0,0,0,5,2,3,3,0,0
EG030501DOUS99,8,0,0,0,0,0,0,14,0,0,0,0,0,0,5,0,0,0,0,0,0
EG030501DZZG99,0,0,0,0,0,0,0,3,0,0,0,0,0,0,0,0,0,0,0,0,0
EG030501ENB0099,77,170,56,31,0,0,0,116,249,83,50,0,0,0,51,99,30,19,0,0,0
EG030501ERA99,6,0,0,0,0,0,0,8,0,0,0,0,0,0,1,0,0,0,0,0,0
EG030501FAR10,34,27,18,13,4,1,0,54,37,37,15,6,1,0,13,17,5,4,1,0,0
EG030501FARW10,65,67,36,10,1,1,1,104,102,58,14,1,2,1,32,26,15,4,0,0,1
EG030501FGD99,0,94,0,0,2,3,0,1,98,0,0,8,6,0,0,33,0,0,1,1,0
EG030501FIZZ99,0,0,2,0,0,0,0,0,0,4,0,0,0,0,0,0,2,0,0,0,0
EG030501FKJI99,0,0,1,43,24,0,4,0,0,1,76,45,0,5,0,0,0,24,14,0,3
EG030501FLLS99,0,0,0,0,1,82,1,0,0,0,0,2,84,1,0,0,0,0,1,18,0
EG030501FRKM01,0,0,0,0,0,0,0,0,0,0,0,1,1,0,0,0,0,0,0,0,0
EG030501GEZZ99,1,113,80,0,0,0,0,2,165,95,0,0,0,0,1,69,41,0,0,0,0
EG030501GHDJ99,2,0,0,0,0,0,0,2,0,0,0,0,0,0,1,0,0,0,0,0,0
EG030501GREY99,174,0,0,0,0,0,0,322,0,0,0,0,0,0,98,0,0,0,0,0,0
EG030501GZMO99,0,0,0,0,0,0,0,0,1,0,0,0,0,0,0,0,0,0,0,0,0
EG030501HA0199,13,19,14,47,53,57,4,25,37,21,83,82,94,7,11,14,8,33,41,34,3
EG030501HAWL99,1,1,11,7,2,1,0,3,1,14,13,2,1,1,0,0,9,5,2,1,0
EG030501HOBB99,0,0,0,0,0,0,0,0,0,0,0,0,0,1,0,0,0,0,0,0,0
EG030501IOXC99,0,0,3,0,0,0,0,0,0,6,0,0,0,0,0,0,2,0,0,0,0
EG030501ISON99,6,2,5,25,14,0,0,10,3,10,41,21,0,0,3,1,4,18,9,0,0
EG030501JHAG99,0,0,0,0,0,1,1,0,0,0,2,0,2,1,0,0,0,0,0,1,1
EG030501JHYG99,0,0,0,0,0,0,1,0,0,0,0,0,0,2,0,0,0,0,0,0,1
EG030501JJLD99,2,0,0,0,0,0,0,2,0,0,0,0,0,0,2,0,0,0,0,0,0
EG030501JNHB99,2,2,1,0,0,0,0,3,2,1,0,0,0,0,0,0,0,0,0,0,0
EG030501KH99,0,10,7,0,0,0,0,0,15,17,0,0,0,0,0,0,0,0,0,0,0
EG030501KHA99,0,1,0,0,0,1,0,0,1,0,0,0,1,0,0,0,0,0,0,0,0
EG030501KJJ99,0,0,0,0,0,1,0,0,0,0,1,0,1,1,0,0,0,0,0,1,0
EG030501KMJN99,60,37,0,11,67,37,3,95,60,0,24,132,73,5,28,22,0,5,35,15,0
EG030501KXLA99,4,0,1,3,0,0,0,5,0,1,4,0,1,0,2,0,1,0,0,0,0
EG030501LAMS99,0,0,1,0,0,0,0,0,0,1,0,0,0,0,0,0,1,0,0,0,0
EG030501LEMN99,4,2,0,0,0,0,0,4,2,2,0,0,0,1,4,2,0,0,0,0,0
EG030501LKMN45,0,0,1,15,15,1,0,0,0,1,22,29,1,0,0,0,1,4,7,1,0
EG030501LLA99,43,8,0,0,0,0,0,62,9,0,0,0,0,0,21,4,0,0,0,0,0
EG030501MADF21,117,237,114,133,115,23,15,216,366,209,212,190,67,28,50,105,36,39,41,7,5
EG030501MAFR21,165,325,162,188,176,34,23,263,482,241,267,277,67,52,83,148,59,78,74,11,10
EG030501MAK99,14,0,0,0,0,0,0,15,0,0,0,0,0,0,5,0,0,0,0,0,0
EG030501MBYR99,149,0,0,0,0,0,0,215,0,0,0,0,0,0,72,0,0,0,0,0,0
EG030501MNBC99,0,0,2,0,1,0,2,0,0,5,0,5,0,2,0,0,0,0,0,0,1
EG030501MNBV99,0,4,18,0,1,1,0,0,5,31,0,1,1,0,0,2,4,0,0,0,0
EG030501MNLD99,1081,69,357,20,20,6,100,2143,116,857,25,36,8,126,450,28,160,11,8,5,53
EG030501MRKN99,0,0,0,0,0,182,186,0,0,0,0,0,363,365,0,0,0,0,0,72,77
EG030501NAAF99,0,0,0,0,0,0,3,0,0,0,0,1,0,5,0,0,0,0,0,0,2
EG030501NAB99,0,0,0,0,0,0,0,1,0,0,0,0,0,0,0,0,0,0,0,0,0
EG030501NAJ99,0,0,0,0,4,0,0,0,0,0,0,7,0,0,0,0,0,0,1,0,0
EG030501NAMO99,1,1,31,28,7,1,0,3,3,44,51,9,1,0,1,0,8,14,3,0,0
EG030501NAN99,1,0,0,0,0,0,0,1,0,0,0,0,0,0,1,0,0,0,0,0,0
EG030501NAVY99,0,0,0,0,0,0,0,2,0,0,0,0,0,0,0,0,0,0,0,0,0
EG030501NBCD99,154,175,105,134,79,25,8,263,238,165,220,122,41,19,93,72,39,55,41,12,4
EG030501NEAF99,0,0,0,12,10,10,62,0,0,0,14,13,12,89,0,0,0,10,4,8,39
EG030501NEF99,0,0,0,0,0,0,10,0,0,0,0,0,0,16,0,0,0,0,0,0,3
EG030501NEWW99,7,74,385,95,46,0,0,7,74,398,100,57,0,0,3,28,164,40,23,0,0
EG030501NFJJ99,0,0,0,4,312,136,81,0,0,0,9,343,140,88,0,0,0,3,124,47,22
EG030501NILC99,5,0,66,0,3,1,0,29,0,146,0,41,2,0,4,0,26,0,2,1,0
EG030501NLPO99,0,0,0,0,136,74,73,0,0,0,0,244,129,137,0,0,0,0,83,39,48
EG030501NN99,0,0,0,0,0,0,4,0,0,0,0,0,0,9,0,0,0,0,0,0,1
EG030501NNNI99,0,0,0,0,0,0,0,0,0,0,0,0,1,0,0,0,0,0,0,0,0
EG030501NOVT99,2,1,3,47,14,0,0,2,1,5,69,23,0,0,1,0,2,28,9,0,0
EG030501NSLPO99,0,0,0,0,0,3,6,0,0,0,0,0,4,13,0,0,0,0,0,3,5
EG030501NT2BG99,0,0,0,6,0,0,5,0,0,0,13,0,1,7,0,0,0,4,0,0,2
EG030501NT2GR99,0,0,0,1,0,0,3,0,0,0,5,3,0,4,0,0,0,1,0,0,0
EG030501NT2OF99,0,0,0,7,0,0,3,0,0,0,13,1,0,5,0,0,0,2,0,0,2
EG030501NT3BG99,0,0,0,7,0,0,6,0,0,0,11,0,0,7,0,0,0,5,0,0,3
EG030501NT3GR99,0,0,0,5,0,0,4,0,0,0,6,0,0,5,0,0,0,3,0,0,1
EG030501NT3OF99,0,0,0,0,0,0,4,0,0,0,4,0,0,7,0,0,0,0,0,0,3
EG030501OFF15,71,62,37,17,0,0,0,104,77,49,27,0,0,0,36,34,25,9,0,0,0
EG030501OFFW15,148,154,67,38,0,0,0,195,219,89,58,0,0,0,80,80,35,18,0,0,0
EG030501OGGG15,0,1,97,115,1,45,20,0,1,143,174,2,82,29,0,0,61,73,1,27,10
EG030501OIUO99,0,0,0,0,13,35,18,0,0,0,0,23,81,25,0,0,0,0,5,19,10
EG030501OXIE99,0,0,0,0,169,20,10,0,0,0,0,270,73,10,0,0,0,0,113,11,6
EG030501PAA99,4,0,0,0,0,0,0,5,0,0,0,0,0,0,4,0,0,0,0,0,0
EG030501PAVF99,7,4,13,0,1,2,0,7,7,22,0,1,2,0,2,3,5,0,0,2,0
EG030501PLKO99,0,0,0,0,0,31,1,0,0,0,0,0,47,2,0,0,0,0,0,13,1
EG030501POP99,1,0,0,0,0,0,0,2,1,0,0,0,0,0,1,0,0,0,0,0,0
EG030501PPD99,59,113,43,130,304,265,132,102,194,67,230,483,560,214,23,53,19,51,165,138,64
EG030501QHKZ99,1475,881,604,2788,2112,1008,129,2232,1297,884,3804,3531,1697,201,547,337,250,1129,798,375,58
EG030501RAAN99,0,0,0,0,0,842,1002,0,0,0,0,0,1782,1736,0,0,0,0,0,404,445
EG030501S2LC99,0,0,0,0,0,0,31,0,0,0,0,0,0,59,0,0,0,0,0,0,14
EG030501SAXN99,0,0,0,0,7,0,0,0,0,0,0,7,0,0,0,0,0,0,4,0,0
EG030501SHAM99,0,0,0,0,0,0,2,0,0,0,0,0,0,2,0,0,0,0,0,0,2
EG030501SHHB99,0,0,0,0,0,0,0,0,0,0,0,0,0,1,0,0,0,0,0,0,0
EG030501SHKZ99,217,134,129,5,9,25,23,549,278,178,7,14,44,30,101,54,65,2,4,7,13
EG030501SIII99,4,0,0,0,0,0,0,18,0,0,0,0,0,0,1,0,0,0,0,0,0
EG030501SILC99,315,502,5,83,281,193,110,574,575,5,119,510,334,332,104,191,2,42,118,83,51
EG030501SILS99,33,594,0,0,0,0,0,35,606,0,0,0,0,0,11,215,0,0,0,0,0
EG030501SILT99,0,0,0,0,0,3,2,0,0,0,0,0,15,70,0,0,0,0,0,0,1
EG030501SILV99,0,0,0,143,20,2,0,0,0,0,147,25,3,0,0,0,0,49,7,1,0
EG030501SSA99,2,35,16,1,1,1,0,3,52,18,1,1,1,0,2,22,13,1,0,1,0
EG030501SSS99,0,0,0,2,0,29,0,0,0,2,2,0,32,0,0,0,0,2,0,11,0
EG030501SSSS99,0,7,0,0,0,0,0,0,7,0,0,0,0,0,0,1,0,0,0,0,0
EG030501STIK99,36,0,0,38,0,0,0,58,1,0,68,0,2,0,21,0,0,14,0,0,0
EG030501STRM99,1,0,0,0,0,0,0,1,0,0,0,0,0,0,1,0,0,0,0,0,0
EG030501SU99CONS33,0,0,0,3,0,0,0,0,0,0,8,19,6,2,0,0,0,3,0,0,0
EG030501TOWB99,4,0,0,0,0,0,0,4,0,0,0,0,0,0,4,0,0,0,0,0,0
EG030501TRCV99,665,660,476,531,499,279,153,915,873,679,722,705,437,231,332,284,205,254,207,114,62
EG030501TRRB99,1,0,0,0,0,0,0,4,0,0,0,0,0,0,1,0,0,0,0,0,0
EG030501TSLK99,0,1,3,0,0,0,0,1,1,5,0,0,0,0,0,1,3,0,0,0,0
EG030501TURN99,2,0,4,3,2,0,0,3,0,8,11,5,2,0,1,0,1,1,1,0,0
EG030501TWDG99,170,64,0,0,16,0,0,231,75,0,0,23,0,0,84,33,0,0,3,0,0
EG030501TWGD99,1,1,5,0,0,0,0,5,1,11,0,0,0,0,1,1,1,0,0,0,0
EG030501TWIS99,2,0,0,0,0,0,0,8,0,0,0,0,0,0,1,0,0,0,0,0,0
EG030501UYBV99,0,0,1,0,0,0,0,0,0,2,0,0,0,0,0,0,1,0,0,0,0
EG030501UYWS99,321,268,254,226,237,147,85,474,363,372,304,358,255,130,164,106,97,90,91,55,41
EG030501VCFD99,0,5,2,0,0,0,0,0,14,3,0,0,0,0,0,2,1,0,0,0,0
EG030501WA1299,0,0,0,0,0,0,93,0,0,0,0,0,0,98,0,0,0,0,0,0,23
EG030501WALK99,2,1,1,1,0,0,0,2,3,2,1,2,1,0,1,1,1,1,0,0,0
EG030501WAPR99,0,1,0,0,0,0,0,0,2,1,0,0,0,0,0,1,0,0,0,0,0
EG030501YH4F99,0,0,0,0,0,3,0,0,0,0,0,0,4,0,0,0,0,0,0,2,0
EG030501YHRF99,5,7,29,0,1021,2254,1019,6,13,32,0,1501,3372,1645,4,6,11,0,646,1431,593
EG030501YTVC99,1,0,0,0,0,0,0,2,0,0,0,0,0,0,1,0,0,0,0,0,0
EG040101BLAW99,3,0,0,0,0,0,0,7,0,0,0,0,0,0,1,0,0,0,0,0,0
EG040101BLLW99,0,20,17,0,0,0,0,0,34,26,0,0,0,0,0,6,5,0,0,0,0
EG040101BOGR99,1,1,3,1,1,0,0,4,1,6,2,15,11,10,0,0,0,0,0,0,0
EG040101BVFD99,7,26,5,3,2,2,3,24,42,8,9,4,5,6,4,8,4,2,2,1,2
EG040101CDER99,0,63,17,0,0,0,0,0,133,50,0,0,0,0,0,32,11,0,0,0,0
EG040101CORN99,5,0,0,0,0,0,0,17,0,0,0,0,0,0,4,0,0,0,0,0,0
EG040101COTN99,0,0,0,0,0,70,29,0,0,0,0,0,108,44,0,0,0,0,0,46,14
EG040101COWN99,1132,1058,2958,1211,629,279,495,1899,1566,5244,1858,1084,460,837,643,541,1618,733,375,165,269
EG040101CXDS99,0,0,7,40,32,4,0,0,0,11,69,51,4,0,0,0,3,24,15,2,0
EG040101FEHI99,0,0,0,0,0,1,1,0,0,0,0,0,1,1,0,0,0,0,0,1,0
EG040101FETI99NEW,358,91,327,174,70,123,3,612,153,541,281,145,216,5,161,36,138,65,26,60,2
EG040101FOJY99,24,8,4,29,13,6,30,32,11,4,48,26,16,38,12,2,4,7,5,3,11
EG040101KEMI99,11,0,0,0,0,0,0,11,0,0,0,0,0,0,4,0,0,0,0,0,0
EG040101KMOI99,40,0,0,0,0,0,0,56,0,0,0,0,0,0,25,0,0,0,0,0,0
EG040101NBGF99,71,373,205,188,387,325,154,111,579,354,319,711,498,257,39,210,84,86,162,167,66
EG040101PHCT99,1,0,1,0,0,0,0,1,0,1,0,0,0,0,0,0,0,0,0,0,0
EG040101SANY99,0,0,0,0,0,0,1,0,0,0,0,0,0,1,0,0,0,0,0,0,0
EG040101SHAV99,0,1,7,5,0,0,47,0,1,8,5,3,0,48,0,1,3,4,0,0,24
EG040101SK3199,0,0,0,1,7,5,7,0,0,0,4,9,9,11,0,0,0,0,6,1,5
EG040101SXJH99,0,0,1,236,247,43,15,0,0,1,405,463,79,19,0,0,1,109,86,16,11
EG040101UCDY99,368,260,352,420,502,423,251,552,377,517,604,786,661,395,215,153,193,203,257,207,119
EG040101VCDS99,147,196,161,24,146,83,151,217,275,259,34,266,217,216,76,85,82,7,68,36,65
EG040101VGRE99,0,14,258,23,0,0,0,0,23,387,32,0,0,0,0,11,169,17,0,0,0
EG040101VMGR99,153,131,58,124,340,259,211,243,222,80,274,723,362,316,83,77,29,76,215,148,116
EG040101XJUY99,12,0,0,0,0,0,0,12,0,0,0,0,0,1,3,0,0,0,0,0,0
EG040101ZOAA99,2,6,4,4,3,1,1,7,7,10,7,5,3,1,2,4,1,3,2,1,1
EG040102IPLL99,0,0,2,0,0,0,1,1,0,4,5,1,1,1,0,0,1,0,0,0,0
EG040102KEME99,6,1,1,0,1,11,1,7,2,2,1,3,18,4,3,1,0,0,0,7,0
EG040102KMDC99,4,0,0,0,0,0,0,4,0,0,0,0,0,0,3,0,0,0,0,0,0
EG040102MTHB99,2,0,0,0,0,0,0,46,0,0,0,0,0,0,0,0,0,0,0,0,0
EG040102YESI99,13,4,47,20,13,4,18,16,4,82,36,33,6,33,7,2,24,10,10,0,7
EG040102YURT99,13,3,0,0,0,1,1,23,3,0,0,0,1,1,8,1,0,0,0,1,1
EG040103JNDC99,12,0,0,0,0,0,0,69,0,0,0,0,0,0,9,0,0,0,0,0,0
EG040103OLIE99,0,0,0,0,2,5,3,1,0,0,1,5,7,5,0,0,0,0,1,5,0
EG040104AWUU99,139,28,0,0,0,0,11,259,55,0,0,0,0,13,68,18,0,0,0,0,5
EG040104BVEW99,0,0,0,0,197,57,1,0,0,0,0,322,88,3,0,0,0,0,126,33,0
EG040104BVRE99,0,0,0,0,0,2,2,0,0,0,0,0,7,13,0,0,0,0,0,1,1
EG040104CXQP99,0,0,0,0,22,11,1,0,0,0,0,64,37,7,0,0,0,0,7,2,1
EG040104DHXG99,729,339,327,51,265,134,217,1251,616,662,111,478,273,345,322,146,150,17,126,60,89
EG040104DOWB99,8,0,15,7,11,2,5,13,2,31,19,33,4,12,5,0,5,5,6,2,3
EG040104EWCX99,0,0,13,7,5,5,3,0,0,50,35,9,6,5,0,0,6,5,3,1,1
EG040104GVFC99,0,106,4,0,0,0,0,0,171,6,0,0,0,0,0,50,0,0,0,0,0
EG040104HP0099,0,0,0,0,1,0,0,0,0,0,0,2,0,0,0,0,0,0,1,0,0
EG040104JNHB99,358,323,175,86,4,78,13,706,532,329,129,4,141,31,189,157,94,43,3,28,5
EG040104JSDC99C531,1,21,0,0,0,0,0,2,29,0,0,0,0,0,1,8,0,0,0,0,0
EG040104PRHD99,10,0,0,0,0,0,0,12,0,0,0,0,0,0,4,0,0,0,0,0,0
EG040104PRHD99C531,10,0,0,0,0,0,0,18,0,0,0,0,0,0,4,0,0,0,0,0,0
EG040104QDHR99C531,0,1,0,0,0,0,0,0,1,3,2,1,0,0,0,1,0,0,0,0,0
EG040104SDEY99,1,1,1,0,2,0,0,1,1,1,0,2,0,0,0,1,0,0,0,0,0
EG040104VCEO99,0,0,0,0,21,48,15,0,0,0,0,53,144,21,0,0,0,0,6,20,9
EG040104XCET99,0,0,0,0,0,8,3,0,0,0,0,0,15,3,0,0,0,0,0,5,2
EG040104XCUW99,2,2,1,2,1,0,2,6,5,2,2,2,3,3,2,1,0,1,1,0,0
EG040104XDET99,12,7,9,199,236,265,166,22,15,38,315,382,459,376,4,4,2,101,131,151,99
EG040104XRUI99,0,0,0,0,0,0,0,1,0,0,0,0,0,0,0,0,0,0,0,0,0
EG040104YHUJ99,1,0,7,10,14,0,0,2,1,13,14,33,0,0,1,0,2,8,10,0,0
EG040104ZXTQ99,9,11,10,7,3,0,0,16,13,23,18,12,0,0,5,4,4,5,1,0,0
EG040105EYSI99,2,0,3,3,0,6,4,3,0,6,4,0,6,5,0,0,3,2,0,3,1
EG040105JNBF99,15,1,0,0,0,1,1,32,1,9,0,0,2,1,8,0,0,0,0,0,0
EG040105KMGV99,283,52,110,213,527,163,153,379,72,145,262,707,231,231,164,24,56,137,350,103,92
EG040105LASK99,0,0,0,0,0,7,73,0,0,0,0,0,9,87,0,0,0,0,0,3,26
EG040105MBRE99,257,29,70,56,13,10,19,460,50,105,92,20,14,29,138,15,34,34,8,4,13
EG040105QUUY99,4,9,36,6,12,8,4,9,12,89,27,23,11,6,3,7,24,3,8,4,2
EG040105ROKB99,1165,499,536,480,196,112,347,1646,689,828,675,290,193,542,791,327,368,341,141,66,176
EG040105SXBT99C531,171,233,11,21,21,0,1,265,355,27,43,35,0,1,74,114,6,13,17,0,0
EG0401070011,1,2,0,0,0,0,0,2,2,13,0,0,0,0,0,1,0,0,0,0,0
EG040107ACBV99,3,2,7,2,5,2,0,5,5,9,9,7,2,1,2,0,3,0,2,1,0
EG040107AZMB99,13,15,20,7,59,15,16,15,40,67,10,85,29,19,5,6,7,3,24,4,4
EG040107AZMN99,599,855,2602,1241,1440,1043,659,926,1248,4199,1960,3226,2031,1073,327,520,1594,773,839,583,382
EG040107BACK99,5,2,0,0,0,0,0,5,2,3,0,0,0,0,4,1,0,0,0,0,0
EG040107BBNN99,0,0,0,0,0,0,11,0,0,0,0,0,0,13,0,0,0,0,0,0,9
EG040107BF0699,0,0,0,0,0,0,0,0,0,20,0,0,0,0,0,0,0,0,0,0,0
EG040107BGHS99,74,6,22,31,80,0,12,129,9,33,49,135,0,15,25,2,15,20,31,0,7
EG040107BOTB99,0,0,0,5,0,0,0,0,0,0,10,0,0,0,0,0,0,4,0,0,0
EG040107BOTL99,0,0,0,16,0,0,0,0,0,0,20,0,0,0,0,0,0,10,0,0,0
EG040107BOTP99,0,0,0,12,0,0,0,0,0,0,19,0,0,0,0,0,0,9,0,0,0
EG040107BOTR99,0,0,0,0,0,0,6,0,0,0,0,0,0,7,0,0,0,0,0,0,5
EG040107BOTY99,12,36,36,2,0,0,0,14,50,52,2,0,0,0,9,25,23,2,0,0,0
EG040107BP0099,0,0,0,0,1,0,0,0,0,0,0,1,0,0,0,0,0,0,1,0,0
EG040107BS0599,0,2,0,0,0,0,0,0,2,1,0,0,0,0,0,2,0,0,0,0,0
EG040107BS0699,6,3,0,0,0,0,0,8,4,6,0,0,0,0,4,1,0,0,0,0,0
EG040107BSME99,0,1,0,0,0,0,0,0,1,0,0,0,0,0,0,1,0,0,0,0,0
EG040107BTWL99,0,0,0,0,0,10,5,0,0,0,0,0,13,8,0,0,0,0,0,2,3
EG040107BVPL99,0,0,0,0,0,122,60,0,0,0,0,0,195,105,0,0,0,0,0,43,17
EG040107BVRE99,0,0,0,0,0,3,9,0,0,0,0,0,8,27,0,0,0,0,0,1,5
EG040107BVWP99,0,0,290,83,266,282,36,0,0,427,138,416,397,53,0,0,149,44,147,164,16
EG040107CB0099,0,0,0,0,0,4,1,0,0,0,0,0,5,3,0,0,0,0,0,2,1
EG040107CDEW99,108,72,27,7,2,1,1,204,139,47,9,4,2,1,61,42,12,2,1,0,1
EG040107CFBB99,71,122,273,2287,1699,1500,427,125,191,416,3528,2754,2643,716,32,66,145,1117,731,689,180
EG040107CNBB99,0,0,0,2,0,0,0,0,0,0,2,0,0,0,0,0,0,1,0,0,0
EG040107CVBB99,1,0,0,51,69,15,9,1,0,0,60,83,19,9,1,0,0,25,31,6,5
EG040107ERMI99,29,29,4,5,4,1,0,62,81,8,9,7,4,0,10,11,3,2,2,1,0
EG040107FB0699,5,3,0,0,0,0,0,5,3,0,1,0,0,0,1,2,0,0,0,0,0
EG040107FB0799,0,0,0,0,0,0,0,0,0,0,8,0,0,0,0,0,0,0,0,0,0
EG040107FBAG99,0,0,0,0,0,0,34,0,0,0,0,0,0,43,0,0,0,0,0,0,23
EG040107GSTA99,0,0,0,2,1,0,0,0,0,0,4,1,1,0,0,0,0,1,1,0,0
EG040107GVFC99,26,0,0,0,0,0,0,52,0,0,0,0,0,0,14,0,0,0,0,0,0
EG040107HEGA99,5,7,5,12,9,14,1,8,10,8,20,17,18,3,2,4,4,9,7,10,0
EG040107HNGB99,0,0,0,0,5,0,0,0,0,0,0,7,0,0,0,0,0,0,4,0,0
EG040107ICCU99,2,0,0,6,66,7,1,2,0,0,7,135,7,1,1,0,0,1,23,3,0
EG040107JNBV99,0,0,0,0,0,0,0,0,0,0,0,1,0,0,0,0,0,0,0,0,0
EG040107JNHB99,4,2,3,6,7,0,0,9,2,3,18,16,0,0,2,1,2,3,0,0,0
EG040107JNTR99,33,1,1,0,0,1,0,52,1,1,0,0,1,0,22,0,1,0,0,1,0
EG040107JNWE99,9,0,1,2,0,3,0,11,0,1,2,0,4,0,1,0,1,2,0,0,0
EG040107JSGD99,2,0,7,10,3,3,1,8,0,32,16,4,3,2,1,0,3,6,1,1,1
EG040107KNEA99,751,293,517,641,456,906,310,1106,415,820,968,786,1228,450,344,124,252,308,211,470,160
EG040107KORS99,52,31,18,18,12,4,0,69,41,25,34,16,7,0,24,17,11,12,5,2,0
EG040107KS0099,11,0,0,0,0,0,0,11,1,1,0,0,0,0,8,0,0,0,0,0,0
EG040107LTVQ99,886,97,66,22,0,0,0,1122,131,108,26,0,0,0,646,67,32,17,0,0,0
EG040107NEEE99,2,4,0,0,0,0,0,5,6,0,0,0,0,0,1,3,0,0,0,0,0
EG040107NEEK99,0,0,0,0,0,0,0,0,0,0,1,0,0,0,0,0,0,0,0,0,0
EG040107NF0599,0,0,0,0,0,0,0,0,0,1,0,0,0,0,0,0,0,0,0,0,0
EG040107NF0699,9,45,5,0,0,0,0,10,45,6,0,0,0,0,3,24,0,0,0,0,0
EG040107NF0799,0,0,0,0,0,0,0,0,0,0,6,0,0,0,0,0,0,0,0,0,0
EG040107NIKO99,0,0,0,0,0,3,0,0,0,0,0,0,3,0,0,0,0,0,0,2,0
EG040107NUBL99,107,22,20,17,5,11,20,191,47,41,25,16,20,44,41,9,7,11,5,4,7
EG040107PMPS99,0,0,0,0,4,6,0,0,0,0,0,7,7,0,0,0,0,0,0,2,0
EG040107SBJH99,4,1,9,4,7,5,4,7,2,11,5,11,6,6,3,0,1,2,1,1,1
EG040107SHOE99,31,13,164,94,9,14,5,36,21,242,131,12,17,7,23,12,78,40,5,4,1
EG040107SKZH99,8,0,0,0,0,0,0,19,0,0,0,0,0,0,0,0,0,0,0,0,0
EG040107STEY99,1,0,4,2,6,7,3,1,0,5,2,8,9,5,0,0,1,0,3,2,0
EG040107SWSW99,0,0,0,0,0,0,0,3,2,0,0,0,0,0,0,0,0,0,0,0,0
EG040107SYTW99,11,36,36,19,4,6,8,16,49,86,26,9,11,9,3,14,15,3,2,3,2
EG040107TRQW99,0,0,0,6,34,0,0,0,0,0,6,66,0,0,0,0,0,3,14,0,0
EG040107TSJD99,23,18,13,11,9,15,7,43,37,18,15,15,22,12,4,3,6,4,5,10,5
EG040107TU0999,0,1,2,0,0,0,0,0,1,2,0,0,0,0,0,1,2,0,0,0,0
EG040107VCEW99,0,0,0,0,0,237,603,0,0,0,0,0,595,1548,0,0,0,0,0,147,332
EG040107VFCD99,0,0,6,26,5,11,6,0,0,21,73,11,14,7,0,0,4,14,4,10,5
EG040107VYMW99,0,0,0,0,0,0,2,0,0,0,0,0,0,4,0,0,0,0,0,0,2
EG040107WAQD99,0,0,9,12,10,1,1,0,0,57,22,12,4,1,0,0,6,9,5,0,0
EG040107WEYD99,11,0,0,0,0,0,0,14,0,0,0,0,0,0,3,0,0,0,0,0,0
EG040107WYET99,0,0,0,0,0,1,1,0,0,0,0,0,2,1,0,0,0,0,0,1,1
EG040107WYTT99,3,0,0,23,27,19,9,3,0,0,23,32,23,9,3,0,0,9,9,11,7
EG040108AWUU99,1212,542,934,784,735,698,1158,2280,1220,1905,1539,1625,1555,2670,740,307,543,408,388,387,589
EG040108BLUE99,5,4,4,10,14,8,4,8,7,8,12,16,10,6,2,2,4,5,7,3,4
EG040108BVRE99,0,0,0,0,0,8,17,0,0,0,0,0,19,26,0,0,0,0,0,4,11
EG040108CXEW99,0,0,0,0,0,0,0,0,0,0,0,0,0,3,0,0,0,0,0,0,0
EG040108GREN99,0,46,33,20,5,13,2,0,79,102,56,9,18,3,0,19,16,11,3,10,0
EG040108GUNE99,0,1,1,1,1,3,0,0,2,3,1,2,5,0,0,0,0,0,1,3,0
EG040108GVFC99,21,7,7,14,1,1,1,40,13,11,60,5,2,5,12,4,5,3,0,1,0
EG040108HBGV99,2,2,1,0,0,3,2,3,3,2,1,0,4,2,0,0,1,0,0,3,2
EG040108HGEW99,0,121,420,228,64,0,181,0,173,637,304,77,0,275,0,77,238,146,44,0,104
EG040108JNHB99,0,0,9,3,0,0,8,0,1,14,4,0,0,22,0,0,3,2,0,0,1
EG040108KMBW99,147,0,0,0,0,0,3,204,0,0,0,0,0,7,86,0,0,0,0,0,2
EG040108KMJN99,52,132,164,2,1,1,4,76,162,248,3,1,3,8,30,78,94,0,0,0,2
EG040108MAEG99,0,4,3,1,0,0,0,0,5,4,1,0,0,0,0,0,1,1,0,0,0
EG040108MEIY99,2,16,0,0,0,0,0,2,28,8,0,0,0,0,2,9,0,0,0,0,0
EG040108MSAG99,0,0,0,0,0,0,0,0,0,2,1,0,0,0,0,0,0,0,0,0,0
EG040108MSGE99,186,28,2,0,0,1,1,278,37,2,0,0,1,2,110,18,2,0,0,1,1
EG040108SGET99,20,2,0,0,0,0,0,28,3,0,0,0,0,3,11,1,0,0,0,0,0
EG040108SMMA99,4,1,0,0,0,0,0,4,3,0,0,0,0,0,4,0,0,0,0,0,0
EG040108SVET99,0,0,0,0,0,0,0,0,0,0,0,0,5,0,0,0,0,0,0,0,0
EG040108TMUSG99,0,7,6,0,0,0,0,0,9,9,0,0,0,0,0,4,2,0,0,0,0
EG040108TRAS99,0,0,0,4,2,19,23,0,0,0,9,3,42,35,0,0,0,2,1,12,11
EG040108VCRE99,0,0,0,0,0,21,33,0,0,0,0,0,34,50,0,0,0,0,0,12,18
EG040108VFEW99,0,0,0,311,0,0,13,0,0,0,473,0,0,16,0,0,0,199,0,0,8
EG040108VTRE99,0,0,0,0,0,0,1,0,0,0,0,0,0,6,0,0,0,0,0,0,1
EG040108WSED99,0,0,0,0,0,4,0,0,0,0,0,1,7,1,0,0,0,0,0,4,0
EG040108WUQU99,83,24,35,14,53,0,12,136,32,52,25,89,0,20,46,14,23,6,38,0,5
EG040109DW0099,0,0,0,0,0,0,6,0,0,0,0,0,0,9,0,0,0,0,0,0,6
EG040109EEHN99,0,0,0,0,68,0,0,0,0,0,0,107,0,0,0,0,0,0,32,0,0
EG040109EEHO99,0,0,0,0,0,0,16,0,0,0,2,0,0,32,0,0,0,0,0,0,11
EG040109EYBS99,630,269,340,592,676,564,65,941,450,610,1135,1019,908,120,356,139,179,272,341,265,23
EG040109GFRE99,0,0,0,3,48,46,7,0,0,0,7,150,147,11,0,0,0,0,12,7,7
EG040109REHI99,0,0,0,0,0,0,0,0,0,0,0,0,0,1,0,0,0,0,0,0,0
EG040109SMIL99,1,0,0,0,0,0,0,2,0,1,0,0,0,0,0,0,0,0,0,0,0
EG040109VCEW99,0,0,61,611,496,471,287,0,0,101,858,730,736,410,0,0,31,316,290,242,131
EG04010DYSON99,155,287,4,0,1,0,2,222,387,10,0,3,0,3,94,182,2,0,1,0,1
EG040110BVTR99,0,0,0,0,0,0,3,0,0,0,0,0,0,4,0,0,0,0,0,0,0
EG040110FCDX99,0,0,0,2,2,2,0,0,2,1,4,2,3,1,0,0,0,0,1,0,0
EG040110HBGV99,0,0,0,0,0,0,0,0,4,4,14,0,0,0,0,0,0,0,0,0,0
EG040110KMTY99,1,1,2,3,4,1,1,1,2,4,8,12,1,2,1,1,2,1,3,0,0
EG040110LAEL99,0,0,0,4,0,0,0,0,1,19,15,1,0,3,0,0,0,3,0,0,0
EG040110NAIL99,0,0,0,0,0,0,12,0,0,0,0,0,0,18,0,0,0,0,0,0,7
EG0403015DMG99,0,0,2,1,1,0,0,0,0,4,1,2,1,1,0,0,2,0,1,0,0
EG040301BL0199,0,0,0,0,0,0,0,0,0,0,0,0,0,1,0,0,0,0,0,0,0
EG040301EMIL99,0,1,0,0,0,0,0,0,2,1,0,0,0,0,0,1,0,0,0,0,0
EG040301FLOR99,1,0,0,0,0,0,0,8,0,0,0,0,0,0,1,0,0,0,0,0,0
EG040301KMPB99,1,0,9,0,0,0,0,3,0,12,0,0,0,0,1,0,6,0,0,0,0
EG040301KOLK99,0,1,4,0,0,0,0,0,2,5,2,6,0,0,0,1,3,0,0,0,0
EG040301LARE99,1,1,5,0,0,0,0,2,1,7,0,0,0,0,1,1,0,0,0,0,0
EG040301MFST99,2,0,0,0,0,0,0,12,0,1,0,0,0,0,0,0,0,0,0,0,0
EG040301MIHT99,0,0,1,1,2,1,2,0,0,4,5,4,1,3,0,0,1,1,1,1,1
EG040301MT0099,2,2,0,0,0,0,0,9,2,4,0,0,0,0,0,2,0,0,0,0,0
EG040301TRFD99,0,0,0,0,0,0,0,0,0,0,0,0,0,2,0,0,0,0,0,0,0
EG040302ARSI99,0,3,0,0,0,0,0,3,4,6,0,0,0,0,0,3,0,0,0,0,0
EG040302BABW99,1,0,0,0,0,0,0,1,0,0,0,0,0,0,1,0,0,0,0,0,0
EG040302BLSC99,1,0,0,0,0,0,0,4,0,0,0,0,0,0,0,0,0,0,0,0,0
EG040302EYRU99,5,9,5,8,7,9,13,7,15,12,11,11,18,20,3,4,4,3,7,2,6
EG040302MYYA99,25,21,19,29,32,169,9,44,26,30,41,56,393,31,11,18,11,15,21,80,2
EG040302ROMN99,0,0,0,0,0,0,7,0,0,0,0,0,0,7,0,0,0,0,0,0,4
EG040302VCEW99,0,0,0,0,46,67,69,0,0,0,0,65,113,97,0,0,0,0,36,32,43
EG040302WHIT99,0,0,0,0,0,0,20,0,0,0,0,0,0,20,0,0,0,0,0,0,11
EG040303ACNR99,13,18,17,15,7,3,0,23,50,25,18,8,5,0,10,13,10,10,2,1,0
EG040303ALEO99,0,0,0,0,0,0,0,0,0,0,1,0,0,0,0,0,0,0,0,0,0
EG040303AUTH99,2,2,1,0,12,0,0,3,3,2,2,20,0,1,2,2,0,0,5,0,0
EG040303AUYW99,0,0,0,0,0,0,0,0,0,0,2,0,0,0,0,0,0,0,0,0,0
EG040303BVTR99,0,0,0,0,0,29,342,0,0,0,0,0,42,468,0,0,0,0,0,23,237
EG040303CHAIR99,0,0,0,0,0,0,0,1,1,1,1,0,0,0,0,0,0,0,0,0,0
EG040303CHIN99,1,2,6,4,24,7,6,1,2,9,6,40,9,11,1,0,3,2,17,7,6
EG040303CHRN99,0,2,0,0,0,0,0,0,2,1,0,0,0,0,0,2,0,0,0,0,0
EG040303DGET99,0,0,0,0,0,1,0,0,0,0,0,0,1,1,0,0,0,0,0,1,0
EG040303ESYR99,0,0,0,0,0,6,1,0,0,0,0,0,11,3,0,0,0,0,0,0,1
EG040303EYYY99,22,12,15,23,2,30,3,31,15,27,40,2,76,5,4,3,7,9,1,9,2
EG040303GFGG099,0,2,0,3,0,2,0,0,3,4,4,0,5,0,0,2,0,3,0,0,0
EG040303GVFC99C531,0,0,0,0,0,0,0,0,0,0,0,0,0,1,0,0,0,0,0,0,0
EG040303HOYG99,8677,4780,2521,5051,2397,1586,1106,12448,6841,3727,7137,3627,2351,1543,5774,2880,1518,3196,1551,1017,656
EG040303MILL99,6,0,0,29,6,0,11,6,0,0,38,15,1,15,4,0,0,13,4,0,6
EG040303MKFC99,172,47,10,10,51,19,6,273,71,17,21,80,24,10,99,27,10,4,31,10,3
EG040303NAEL99,1,0,0,2,2,5,6,1,0,0,3,4,12,6,0,0,0,2,1,4,4
EG040303NBVC99C531,0,0,0,0,0,1,0,0,0,0,0,0,1,1,0,0,0,0,0,1,0
EG040303QJFR99,1,0,0,2,1,1,0,3,0,2,3,1,2,0,0,0,0,1,0,1,0
EG040303RETI99,10,27,0,0,0,2,2,20,33,0,0,0,6,2,5,14,0,0,0,0,1
EG040303ROLL99,1,0,3,0,0,0,0,2,0,7,0,0,0,0,1,0,2,0,0,0,0
EG040303RTUJ99,3,9,3,0,0,0,0,5,18,8,0,0,0,0,3,7,1,0,0,0,0
EG040303SNAI99,0,1,0,0,0,9,9,0,1,0,1,4,26,25,0,1,0,0,0,3,3
EG040303SNAL99,13,84,12,0,0,0,0,30,117,27,0,0,0,0,8,59,9,0,0,0,0
EG040303SOCK99,0,0,1,2,1,2,1,1,0,11,7,3,6,7,0,0,0,1,1,1,0
EG040303TRUE99,0,0,0,0,8,0,0,0,0,0,2,23,0,0,0,0,0,0,6,0,0
EG040303TURM99,9,26,2,171,50,6,13,11,40,5,255,88,21,23,3,19,1,95,31,4,7
EG040303TWYU99,969,1061,1672,1037,746,1296,693,1378,1505,2424,1431,1152,1868,1052,787,754,1210,816,585,955,483
EG040303VCDS99,0,26,74,0,0,0,10,0,41,131,0,12,0,26,0,13,43,0,0,0,3
EG040303VCRE99,0,0,0,0,0,10,8,0,0,0,0,0,27,14,0,0,0,0,0,6,3
EG040303VEIN99,4,1,0,2,2,57,55,10,1,2,4,7,94,95,2,1,0,1,0,20,25
EG040303ZMMN99,0,0,0,0,0,0,1,0,0,0,0,0,0,1,0,0,0,0,0,0,0
EG040303ZMNB99,0,0,1,1,0,0,0,0,0,7,2,1,1,0,0,0,0,0,0,0,0
EG040304AHHJ99,0,0,0,0,0,0,0,2,0,0,0,0,0,0,0,0,0,0,0,0,0
EG040304ASNM99,203,17,5,0,0,0,0,425,50,6,0,0,0,0,141,8,3,0,0,0,0
EG040304BROW99,0,0,0,0,0,0,12,0,0,0,0,0,0,19,0,0,0,0,0,0,11
EG040304BVRE99,0,0,0,0,0,17,18,0,0,0,0,0,20,21,0,0,0,0,0,12,14
EG040304COCO99,4,1,0,0,0,0,0,6,1,6,0,0,0,0,3,0,0,0,0,0,0
EG040304COLA99,1,3,0,0,0,0,0,4,4,2,5,0,0,0,1,2,0,0,0,0,0
EG040304GARI99,11,80,8,0,0,0,8,15,128,21,0,0,0,19,4,39,3,0,0,0,4
EG040304GBRE99,0,0,0,0,8,6,0,0,0,0,0,16,7,0,0,0,0,0,7,3,0
EG040304GVFC99,58,3,0,0,0,0,0,109,9,0,0,0,0,0,39,2,0,0,0,0,0
EG040304HCCI99NEW,2,1,2,0,0,0,0,3,1,2,0,0,0,0,2,1,2,0,0,0,0
EG040304JAYS99,26,2,5,5,14,108,34,38,3,6,15,50,197,48,10,2,2,0,1,32,7
EG040304JDUY99,3606,2255,2994,2218,1464,618,1136,6595,4049,4937,3794,2601,1151,2082,1974,1072,1718,1217,844,349,666
EG040304KSSS99,13,12,5,5,4,5,6,25,23,14,8,11,8,12,9,9,3,3,3,2,4
EG040304MASK99,1,1,0,1,0,1,2,1,2,0,3,0,3,16,1,1,0,1,0,1,0
EG040304MASS99,111,305,462,437,112,82,42,232,543,869,760,208,157,78,56,144,193,234,53,43,19
EG040304OILE99,7,7,2,0,0,0,0,7,7,4,0,0,0,0,2,2,0,0,0,0,0
EG040304OKUH99,126,61,0,40,34,23,12,231,86,0,74,61,31,20,51,39,0,11,20,11,10
EG040304RESE99,14,1,7,22,71,8,3,33,3,17,25,101,12,5,10,1,4,7,25,4,2
EG040304ROSH99,12,3,7,5,2,7,3,14,4,16,7,5,12,7,7,3,5,3,1,6,1
EG040304SXCV99,0,0,0,0,2,1,2,0,0,0,1,3,4,3,0,0,0,0,2,1,1
EG040304TEYS99,25,0,0,25,49,15,9,56,0,0,52,122,26,16,14,0,0,13,21,7,5
EG040304VCWE99,0,0,24,44,26,0,5,0,0,60,63,36,0,19,0,0,18,26,17,0,2
EG040305BVRE99,0,0,0,0,0,8,0,0,0,0,0,0,13,0,0,0,0,0,0,5,0
EG040305CONT99,0,0,0,0,0,0,0,3,0,0,0,0,0,0,0,0,0,0,0,0,0
EG040305MIPP99,12,14,0,0,0,0,0,23,23,4,0,0,0,0,5,7,0,0,0,0,0
EG040305VCRE99,0,0,0,0,0,0,3,0,0,0,0,0,2,4,0,0,0,0,0,0,1
EG040401BIKI99,0,1,4,1,8,1,2,1,2,9,4,9,4,4,0,1,1,1,7,1,0
EG040401BVFD99,0,0,54,88,22,12,6,0,0,76,113,56,14,10,0,0,39,58,17,8,1
EG040401BVPL99,0,0,0,0,0,0,169,0,0,0,0,0,0,294,0,0,0,0,0,0,99
EG040401BVWM99,0,0,0,0,0,0,39,0,0,0,0,0,0,79,0,0,0,0,0,0,19
EG040401DOKJ99CONS,0,0,0,0,0,0,0,0,0,0,0,0,0,1,0,0,0,0,0,0,0
EG040401DOLI99,0,0,0,0,0,11,0,2,0,0,0,0,18,0,0,0,0,0,0,5,0
EG040401ETER99,2,4,5,15,6,4,24,2,4,5,18,9,9,31,0,1,1,7,3,1,13
EG040401NVRE99,0,0,0,0,0,49,566,0,0,0,0,0,91,873,0,0,0,0,0,19,293
EG040401ROSE99,0,3,2,3,3,2,2,1,3,2,4,3,2,2,0,2,2,1,1,2,0
EG040401VCEW99,0,0,0,0,0,0,2,0,0,0,0,0,0,4,0,0,0,0,0,0,1
EG040401VCVE99,0,0,0,0,0,3,11,0,0,0,0,0,6,12,0,0,0,0,0,2,10
EG040403BVRE99,0,0,0,0,0,274,464,0,0,0,0,0,404,877,0,0,0,0,0,189,284
EG040404HNAZ99,0,0,0,0,0,0,2,0,0,0,0,0,9,2,0,0,0,0,0,0,0
EG0405017CRE99,0,0,0,0,0,0,2,0,0,0,0,0,0,11,0,0,0,0,0,0,0
EG040501ACNR99,10,2,7,18,9,6,0,16,3,17,24,19,8,0,5,2,3,12,7,4,0
EG040501AHLP99,0,1,0,0,0,0,0,0,1,0,0,0,0,0,0,1,0,0,0,0,0
EG040501BBTR99,0,0,0,0,0,0,8,0,0,0,0,0,0,41,0,0,0,0,0,0,7
EG040501BITR99,0,0,0,0,0,15,52,0,0,0,0,0,26,87,0,0,0,0,0,10,21
EG040501BIYTR99,0,0,0,0,0,0,22,0,0,0,0,0,0,40,0,0,0,0,0,0,10
EG040501BL0599,1,1,0,0,0,0,1,2,1,0,0,3,5,1,1,1,0,0,0,0,0
EG040501BLUE99,45,39,21,80,45,362,57,55,39,22,93,51,584,73,34,25,13,50,37,223,34
EG040501BVDE99,0,0,0,0,0,0,0,0,0,0,0,0,0,1,0,0,0,0,0,0,0
EG040501BVET99,0,0,0,0,2,3,5,0,0,0,1,8,5,6,0,0,0,0,1,0,3
EG040501BVFD99,0,0,0,0,7,85,137,0,0,0,0,8,118,188,0,0,0,0,4,62,100
EG040501BVGR99,0,0,0,1,3,4,2,8,0,0,1,3,6,2,0,0,0,0,2,1,2
EG040501BVOE99,0,0,0,0,0,0,5,0,0,0,0,0,0,9,0,0,0,0,0,0,3
EG040501BVTR99,0,0,0,0,0,16,5,0,0,0,0,0,27,10,0,0,0,0,0,8,4
EG040501BX0699,0,0,13,1,1,2,3,0,0,20,3,2,4,5,0,0,6,1,1,1,2
EG040501CARE99,36,30,726,2062,795,1463,1893,55,68,1058,2996,1631,2524,2962,14,13,348,1108,444,822,1007
EG040501CDEM99,0,0,0,0,0,0,1,0,0,0,0,0,0,1,0,0,0,0,0,0,0
EG040501CDRE99,0,0,0,8,2,6,4,0,0,0,11,3,7,9,0,0,0,5,2,6,1
EG040501CMWP99,0,0,0,0,0,0,1,0,0,0,0,0,0,1,0,0,0,0,0,0,0
EG040501COSE99,7,15,12,3,2,3,0,8,28,19,7,4,6,0,3,8,7,3,2,2,0
EG040501CSXE99,0,0,256,320,324,527,575,0,0,382,442,519,708,757,0,0,135,196,193,351,339
EG040501DCVB99,0,0,0,0,0,2,3,0,0,0,0,0,2,9,0,0,0,0,0,1,3
EG040501DK0699,3,24,0,0,0,0,0,3,35,0,0,0,0,0,3,11,0,0,0,0,0
EG040501ETTE99,0,0,0,0,0,3,35,0,0,0,0,0,5,35,0,0,0,0,0,0,10
EG040501FFUR99,1,0,0,0,0,0,0,1,0,0,0,0,0,0,1,0,0,0,0,0,0
EG040501FOUR99,23,0,0,0,0,0,0,32,0,0,0,0,0,0,14,0,0,0,0,0,0
EG040501GELI99,24,52,17,0,2,29,2,30,88,32,0,8,57,5,12,23,9,0,2,12,2
EG040501GVFC99,0,0,0,0,0,2,0,0,0,0,0,3,3,4,0,0,0,0,0,1,0
EG040501HNGB99,0,1,0,0,0,0,7,1,1,1,0,0,1,10,0,1,0,0,0,0,5
EG040501INSL99,0,0,0,0,0,0,1,0,0,0,0,0,0,1,0,0,0,0,0,0,0
EG040501IUNB99,10,36,1,3,7,12,10,13,41,1,3,8,16,27,7,19,1,2,5,8,6
EG040501IUYT99,56,43,363,148,52,8,1,118,77,700,230,97,21,4,25,30,178,83,29,6,0
EG040501JNWE99,0,2,3,2,5,7,2,0,3,3,5,5,10,3,0,2,2,2,4,5,1
EG040501KMUY99,266,272,630,408,254,285,499,552,412,986,708,563,430,819,160,144,338,237,161,176,264
EG040501KRSH99,0,2,0,0,3,4,2,0,3,0,0,6,6,5,0,1,0,0,1,3,0
EG040501LASK99,0,1,0,0,0,0,0,0,1,0,0,0,1,0,0,0,0,0,0,0,0
EG040501LAVD99,0,1,0,0,1,0,0,0,1,0,0,1,0,0,0,1,0,0,1,0,0
EG040501MALL99,0,0,0,0,3,0,0,0,0,0,0,4,0,0,0,0,0,0,0,0,0
EG040501MALT99,1,0,0,0,13,0,0,2,0,0,0,24,0,0,0,0,0,0,7,0,0
EG040501MC0099,0,0,0,0,0,0,0,1,0,0,0,0,0,0,0,0,0,0,0,0,0
EG040501MILI99,23,0,0,0,18,0,0,39,0,0,0,33,0,0,17,0,0,0,13,0,0
EG040501MSBE99,0,1,0,0,0,0,0,1,2,0,0,0,0,0,0,1,0,0,0,0,0
EG040501MSKK99,0,0,0,0,0,0,0,0,0,0,0,0,3,0,0,0,0,0,0,0,0
EG040501MUSK99,0,0,0,0,0,0,0,0,0,0,0,0,1,0,0,0,0,0,0,0,0
EG040501NHBG99,0,0,0,0,3,1,3,0,0,2,3,6,1,4,0,0,0,0,3,1,3
EG040501OKAZ99,0,0,0,0,1,0,0,0,1,1,2,2,0,0,0,0,0,0,0,0,0
EG040501OTOI99,2,1,0,0,0,0,0,3,1,1,12,0,0,0,2,1,0,0,0,0,0
EG040501OTOM99,0,0,0,0,0,0,0,1,0,0,0,0,0,0,0,0,0,0,0,0,0
EG040501PLOK99C531,0,1,0,0,0,0,0,0,1,0,0,0,0,0,0,0,0,0,0,0,0
EG040501PLUS99,0,0,0,0,0,0,0,0,0,0,1,1,0,2,0,0,0,0,0,0,0
EG040501POIU99,117,11,6,66,122,107,137,212,25,8,140,219,220,326,66,6,3,41,68,46,68
EG040501RMST99,0,0,0,0,0,0,7,0,0,0,0,0,0,12,0,0,0,0,0,0,2
EG040501ROSS99,0,0,8,42,7,0,0,0,0,13,70,12,0,0,0,0,3,30,5,0,0
EG040501RTOL99C531,1,2,0,0,0,0,0,1,2,0,0,0,0,0,1,2,0,0,0,0,0
EG040501RTUI99,0,0,3,0,10,4,1,0,0,7,0,15,9,1,0,0,2,0,6,3,0
EG040501SACK99,1,1,0,0,2,0,1,1,1,0,0,6,1,1,0,1,0,0,0,0,1
EG040501SGET99,10,3,8,2,10,5,21,11,5,8,7,19,7,43,6,1,7,2,5,4,12
EG040501SPWE99,0,1,0,0,0,0,0,0,1,0,0,0,0,0,0,1,0,0,0,0,0
EG040501STRW99,0,0,0,0,0,0,8,0,0,0,0,0,0,10,0,0,0,0,0,0,5
EG040501TIRM99,0,0,0,1,2,1,0,0,0,0,1,2,1,0,0,0,0,1,2,0,0
EG040501TRCX99,0,0,0,0,0,1,1,0,0,3,0,0,1,1,0,0,0,0,0,1,1
EG040501TREW99,0,0,5,7,0,1,0,0,0,6,9,6,1,0,0,0,4,7,0,0,0
EG040501TRMX99,0,0,0,0,88,21,1,0,0,0,0,168,53,3,0,0,0,0,40,11,0
EG040501TTTT99,1,0,0,0,0,0,0,1,1,0,0,0,0,0,1,0,0,0,0,0,0
EG040501UIRT99,0,0,1,0,0,0,0,0,0,2,1,0,0,0,0,0,1,0,0,0,0
EG040501UJED99,0,0,0,0,0,4,1,0,0,0,0,0,7,5,0,0,0,0,0,1,1
EG040501VBNM99,3,2,13,19,85,13,0,3,4,24,29,131,22,0,3,2,10,16,63,10,0
EG040501VCDS99,0,18,4,17,0,0,1,0,232,5,20,0,0,1,0,10,3,13,0,0,1
EG040501VCEL99,0,0,0,0,0,0,4,0,0,0,0,0,4,4,0,0,0,0,0,0,2
EG040501VCER99,0,0,0,0,0,0,4,0,0,0,0,0,0,10,0,0,0,0,0,0,4
EG040501VCEW99,0,0,0,0,1,0,0,0,0,0,0,1,3,1,0,0,0,0,1,0,0
EG040501VCFD99,0,0,0,0,0,341,359,0,0,0,0,0,420,508,0,0,0,0,0,255,254
EG040501VCHE99,0,0,0,0,0,251,912,0,0,0,0,0,428,2213,0,0,0,0,0,156,565
EG040501VCLM99,0,0,0,0,0,0,4,0,0,0,0,0,0,6,0,0,0,0,0,0,3
EG040501VCRE99,0,0,0,0,29,41,15,0,0,0,0,68,101,29,0,0,0,0,12,22,7
EG040501VCRU99,0,0,0,0,0,0,1,0,0,0,0,0,0,1,0,0,0,0,0,0,0
EG040501VCUE99,0,0,0,0,0,0,12,0,0,0,0,0,0,24,0,0,0,0,0,0,7
EG040501VCXSW99,0,0,0,0,0,11,6,0,0,0,0,0,28,10,0,0,0,0,0,5,5
EG040501VCYJ99,0,0,0,0,0,0,3,0,0,0,0,0,0,7,0,0,0,0,0,0,0
EG040501VEEN99,0,0,0,5,118,0,255,0,0,0,7,270,0,483,0,0,0,1,58,0,111
EG040501VFDE99,34,5,0,0,1,4,0,58,16,0,0,2,6,5,12,1,0,0,0,3,0
EG040501VPLS99,0,0,0,0,0,0,15,0,0,0,0,0,0,18,0,0,0,0,0,0,9
EG040501VREW99,21,5,13,11,6,9,13,41,9,19,20,8,12,18,13,2,8,6,4,7,11
EG040501VRFD99,0,0,0,0,0,5,0,0,0,0,0,0,108,0,0,0,0,0,0,3,0
EG040501VSOL99,0,0,0,0,0,0,1,0,0,0,0,0,0,2,0,0,0,0,0,0,0
EG040501VTRL99,0,0,0,0,18,6,0,0,0,0,0,18,6,0,0,0,0,0,4,0,0
EG040501WSRT99,0,0,37,28,35,18,16,0,0,52,36,44,28,24,0,0,18,18,23,13,12
EG040501XSDC99,0,0,0,0,0,0,0,0,0,0,0,0,0,1,0,0,0,0,0,0,0
EG040501YEFL99,0,0,2,3,1,2,0,0,0,3,3,1,2,0,0,0,1,1,0,1,0
EG040501YVOE99,0,0,0,0,0,2,0,0,0,0,0,0,3,1,0,0,0,0,0,1,0
EG040501ZMMN99,53,14,42,3,12,6,26,100,23,81,15,14,9,42,26,9,26,1,6,2,16
EG040501ZXCV99,11,17,38,18,13,10,3,12,21,49,25,20,14,3,9,15,27,16,10,8,3
EG050101AA0099,0,0,0,0,0,0,0,0,1,0,0,0,0,0,0,0,0,0,0,0,0
EG050101ADAPC99,105,31,24,100,68,70,127,171,45,41,179,102,153,202,55,12,12,39,34,33,67
EG050101BCSB99,12,3,46,62,0,0,1,17,4,50,74,0,0,3,8,3,32,45,0,0,1
EG050101BOMA99,11,7,1,1,1,1,0,25,11,5,2,1,1,0,5,1,1,1,0,0,0
EG050101BOWA99,0,1,1,39,3,0,0,0,1,6,67,7,3,1,0,0,1,7,0,0,0
EG050101BUND99,3,25,0,3,0,26,35,3,45,0,5,2,31,48,3,15,0,3,0,19,27
EG050101CAMA99,1477,769,2321,1630,1953,1139,278,2583,1515,3803,2761,3379,1983,493,778,361,1023,758,948,515,106
EG050101CAMB99,0,0,0,0,5,3,0,0,0,0,0,5,7,0,0,0,0,0,3,1,0
EG050101CAMI99,0,0,0,0,0,1,14,0,0,0,0,0,1,28,0,0,0,0,0,1,10
EG050101CAML99,351,34,39,155,58,29,30,710,58,60,281,90,42,45,164,12,19,90,30,19,17
EG050101CAMY99,0,0,0,0,0,51,87,0,0,0,0,0,160,141,0,0,0,0,0,27,40
EG050101CANE99,63,155,2,9,10,0,0,99,225,3,13,12,0,0,34,88,0,5,4,0,0
EG050101CARB99,1,1,9,9,2,8,2,1,1,13,16,3,10,3,0,0,7,7,1,3,1
EG050101CFBB99,241,110,89,0,3,0,0,368,186,148,2,3,0,0,100,38,31,0,1,0,0
EG050101CFBG99,29,57,15,54,37,12,7,81,125,18,78,52,22,11,8,12,3,19,15,4,3
EG050101COMPD99,1,2,1,0,0,2,0,2,3,1,0,0,3,0,1,1,1,0,0,2,0
EG050101COPN99,2,5,3,5,2,4,3,4,21,6,11,3,10,4,0,0,0,1,1,3,1
EG050101COPO99,8,0,0,0,0,0,0,13,0,0,0,0,0,0,5,0,0,0,0,0,0
EG050101COVE99,4,66,13,0,0,0,0,4,67,13,0,0,0,0,3,38,6,0,0,0,0
EG050101COVS99,5,2,0,0,0,0,0,6,2,1,0,0,0,0,2,0,0,0,0,0,0
EG050101CPAA99,21,99,208,87,110,30,48,29,150,314,149,164,53,76,12,50,99,42,51,17,22
EG050101CR0099,8,1,0,0,0,0,0,8,1,1,0,0,0,0,3,0,0,0,0,0,0
EG050101CX21999,6,5,38,96,59,14,8,11,9,74,200,103,28,14,3,2,22,55,33,8,5
EG050101DAWA99,6,1,1,2,1,0,0,6,1,1,7,2,1,0,3,0,0,2,0,0,0
EG050101DAWM99,226,94,106,3,22,0,0,273,114,143,4,25,0,0,79,36,50,1,10,0,0
EG050101DED002,20,77,0,0,0,0,0,20,77,0,0,0,0,0,13,31,0,0,0,0,0
EG050101ELGG99,259,17,0,2,6,1,0,527,41,0,4,13,7,0,101,9,0,2,2,0,0
EG050101ELGU99,0,1,0,0,0,0,0,0,2,2,0,0,0,0,0,0,0,0,0,0,0
EG050101ELQI99,452,694,1365,993,382,338,181,811,1105,2562,1955,790,722,275,217,349,640,476,195,155,71
EG050101ENQA99,5,1,0,0,0,0,0,16,11,0,9,0,0,0,1,0,0,0,0,0,0
EG050101EWA12S99,0,0,0,0,0,0,0,0,0,0,0,0,1,0,0,0,0,0,0,0,0
EG050101EWA12S99NEW,0,0,0,0,0,5,2,0,0,0,0,0,6,2,0,0,0,0,0,0,2
EG050101EWA6S99NEW,0,0,0,0,0,5,0,0,0,0,0,0,13,0,0,0,0,0,0,1,0
EG050101EWA9S99,0,0,0,0,0,1,0,0,0,0,0,0,1,0,0,0,0,0,0,0,0
EG050101EWA9S99NEW,0,0,0,0,0,0,0,0,0,0,0,0,1,1,0,0,0,0,0,0,0
EG050101EZR099,6,2,0,0,0,0,2,15,2,0,1,0,3,3,3,0,0,0,0,0,1
EG050101FETE99,0,1,0,6,2,0,0,0,1,0,7,8,0,0,0,1,0,6,0,0,0
EG050101FSFO99,0,3,0,0,0,0,0,0,3,1,0,0,0,0,0,1,0,0,0,0,0
EG050101FW0099,51,19,2,1,0,0,0,94,52,4,7,0,0,0,30,11,0,0,0,0,0
EG050101GAML99,3,4,2,0,0,0,0,7,8,3,0,0,0,0,2,0,0,0,0,0,0
EG050101GOST99,3,62,24,26,4,3,54,5,87,29,32,7,4,82,3,18,4,6,2,0,22
EG050101HAES99,0,0,0,0,1,0,10,0,1,1,0,3,0,31,0,0,0,0,0,0,2
EG050101LEDQ99,0,0,0,0,0,1,0,0,0,0,0,0,1,0,0,0,0,0,0,0,0
EG050101LEEF99,0,10,0,0,0,3,0,0,17,0,0,0,3,0,0,4,0,0,0,0,0
EG050101LEFL99,34,39,25,22,0,0,0,37,40,25,24,0,0,0,14,13,9,13,0,0,0
EG050101LEGU99,14,0,0,0,0,0,0,29,2,1,0,0,0,0,6,0,0,0,0,0,0
EG050101LEWI99,0,0,0,0,0,0,0,1,0,0,2,0,0,0,0,0,0,0,0,0,0
EG050101MAAS99,8,6,7,1,4,10,1,8,7,7,1,5,12,1,7,1,2,1,0,1,0
EG050101MAHO99,0,0,0,0,0,0,1,0,0,0,0,0,0,2,0,0,0,0,0,0,1
EG050101MAKK99,0,0,0,0,1,0,0,0,0,0,0,1,0,0,0,0,0,0,0,0,0
EG050101MAKN99,0,0,4,5,7,5,4,0,0,4,8,9,8,6,0,0,0,5,3,4,0
EG050101MAKN99NEW,1992,1821,2783,3000,2373,1426,1551,2823,2524,3981,3735,2889,1925,2026,802,776,1275,1326,1064,626,712
EG050101MAMO99,0,0,0,431,579,190,18,1,0,3,628,944,386,42,0,0,0,122,179,62,10
EG050101MASH99,0,0,0,0,0,19,0,0,0,0,0,0,62,0,0,0,0,0,0,6,0
EG050101MASK99,23,6,2,3,1,1,2,29,6,3,3,2,5,2,18,2,0,2,1,0,0
EG050101MASN99,865,456,439,237,117,12,331,1229,626,697,370,168,15,498,481,249,234,146,74,4,196
EG050101MAWA99,0,2,125,23,7,3,22,0,5,281,27,10,5,38,0,1,57,11,3,2,11
EG050101MEMM99,0,0,2,0,0,0,0,0,0,2,0,0,0,0,0,0,1,0,0,0,0
EG050101MEMO99,0,0,0,0,0,0,0,0,0,0,0,0,0,3,0,0,0,0,0,0,0
EG050101MKNF99,0,2,18,91,193,204,40,0,3,24,113,362,414,78,0,2,9,54,104,118,27
EG050101MOKA99,50,69,1,0,2,6,5,106,122,3,1,3,8,8,26,26,0,0,2,1,2
EG050101MOKO07,0,0,0,0,0,0,0,2,0,2,0,0,0,0,0,0,0,0,0,0,0
EG050101MOKO21,0,0,0,0,0,0,0,0,0,4,2,0,0,0,0,0,0,0,0,0,0
EG050101MONZ99,11,8,41,67,18,19,24,11,8,43,68,19,29,31,1,2,19,18,7,8,7
EG050101MTLC99,0,0,0,0,0,0,0,0,0,2,2,0,0,0,0,0,0,0,0,0,0
EG050101MWA12S99,0,0,0,0,0,1,0,0,0,0,0,0,1,0,0,0,0,0,0,0,0
EG050101MWA12S99NEW,0,0,0,0,0,0,7,0,0,0,0,0,0,10,0,0,0,0,0,0,4
EG050101MWA6S99,0,0,0,0,0,1,0,0,0,0,0,0,4,0,0,0,0,0,0,1,0
EG050101MWA6S99NEW,0,0,0,0,0,0,0,0,0,0,0,0,1,0,0,0,0,0,0,0,0
EG050101MWA9S99,0,0,0,0,0,0,0,0,0,0,0,0,1,0,0,0,0,0,0,0,0
EG050101POWC99,169,422,150,26,30,43,11,293,912,322,55,53,69,15,95,201,62,8,10,11,5
EG050101PR0099,3,46,0,0,0,0,0,3,47,0,0,0,0,0,1,16,0,0,0,0,0
EG050101RASGA99,88,157,146,45,140,139,307,141,253,271,77,211,174,434,45,55,32,14,59,71,152
EG050101RGBB99,23,0,0,0,0,0,0,30,0,0,0,0,0,0,11,0,0,0,0,0,0
EG050101RSPS99,100,357,260,37,109,55,0,156,529,419,60,152,82,0,47,181,122,16,59,25,0
EG050101SDAD01,0,6,0,0,0,0,0,0,6,0,0,0,0,0,0,4,0,0,0,0,0
EG050101SDAD02,0,1,0,0,0,0,0,0,1,0,0,0,0,0,0,0,0,0,0,0,0
EG050101SDAD10,0,1,2,0,0,5,21,0,1,2,0,0,5,43,0,0,2,0,0,3,9
EG050101STHE99,2,0,0,0,0,0,0,2,0,0,1,0,0,0,1,0,0,0,0,0,0
EG050101TAFA99,34,0,0,1,2,2,2,49,0,0,2,4,2,3,19,0,0,1,2,0,0
EG050101TAKKF99,0,1,0,0,1,6,4,1,1,0,0,2,8,4,0,1,0,0,0,4,2
EG050101WEMA99,659,949,585,442,424,378,197,1023,1379,909,602,630,585,291,413,582,325,252,214,202,105
EG050101XTCO99,131,158,108,178,104,254,280,256,286,191,362,187,521,519,72,92,57,98,57,152,145
EG050102C12V24,5,0,0,0,0,11,5,15,0,0,0,0,14,7,2,0,0,0,0,8,3
EG050102CABL99,40,1,8,7,4,84,0,65,1,14,12,10,144,0,18,1,6,1,1,61,0
EG050102CABL99CONS,0,0,0,0,1,1,0,0,0,0,0,2,2,1,0,0,0,0,1,1,0
EG050102COKA99,1,0,1,0,0,0,2,2,0,2,0,0,0,2,0,0,1,0,0,0,1
EG050102COMP99,1,0,0,0,0,0,0,3,2,0,0,0,0,0,1,0,0,0,0,0,0
EG050102COOO99,3,0,0,0,0,0,0,8,0,0,0,0,0,0,2,0,0,0,0,0,0
EG050102COOP99,283,27,172,186,74,27,1,528,46,329,346,129,40,1,146,13,78,80,28,17,0
EG050102EARS99,0,0,0,0,0,0,135,0,0,0,0,0,0,208,0,0,0,0,0,0,53
EG050102LEDM99,6,2,0,1,0,4,0,9,2,0,1,0,5,0,1,0,0,0,0,2,0
EG050102MLED99,0,0,0,0,0,0,0,0,0,4,2,0,0,0,0,0,0,0,0,0,0
EG050102MMZE99,32,11,6,6,79,104,216,41,13,6,8,147,172,420,16,4,3,3,37,57,86
EG050102MOFT99,19,0,2,0,0,1,0,32,0,2,0,8,2,0,10,0,1,0,0,0,0
EG050102MOZL99,1055,617,1074,1338,605,408,344,1513,852,1659,1915,1112,749,514,615,348,589,714,303,209,192
EG050102NEWN99,0,1,14,0,0,0,0,0,1,38,0,0,0,0,0,1,6,0,0,0,0
EG050102NEWW99,4,0,0,0,0,0,0,4,0,0,0,0,0,0,4,0,0,0,0,0,0
EG050102SAAD99,2,1,1,1,2,4,16,2,1,1,1,2,4,16,2,1,0,1,0,2,6
EG050102SADA99,0,0,0,0,0,0,0,1,0,0,0,0,0,0,0,0,0,0,0,0,0
EG050102SAFA99,0,0,0,0,0,1,1,0,0,0,0,0,1,1,0,0,0,0,0,1,1
EG050102SMR99,0,0,0,51,83,5,3,0,0,0,82,137,5,4,0,0,0,23,43,3,2
EG050103CAHO99,3,1,0,0,0,0,0,4,1,1,1,0,0,0,2,1,0,0,0,0,0
EG050103FAHO99,0,0,0,0,0,0,0,0,0,0,2,0,0,0,0,0,0,0,0,0,0
EG050103HAML99,3,2,0,0,0,0,0,5,3,1,0,0,0,0,2,2,0,0,0,0,0
EG050103HOTO99,5,0,1,0,1,1,1,6,2,1,2,3,3,1,0,0,1,0,0,1,0
EG050103MAGH99,1,6,1,8,2,0,5,3,11,3,56,2,2,6,1,2,0,1,1,0,0
EG050103MASH99,0,1,0,4,0,0,0,0,1,0,4,0,0,0,0,1,0,2,0,0,0
EG050103VIDV99,0,0,0,0,0,0,0,0,0,2,0,0,0,0,0,0,0,0,0,0,0
EG050104AB0099,5,1,0,0,0,0,0,6,2,1,0,0,0,0,0,0,0,0,0,0,0
EG050104LIGH99,7,5,5,2,2,4,0,7,5,5,7,6,4,0,4,4,2,0,2,2,0
EG050104TSPC99,10,8,3,0,0,0,0,17,15,6,0,0,0,0,1,1,0,0,0,0,0
EG050105DNRC99,92,59,16,2,0,0,2,144,92,31,2,0,0,2,38,28,5,1,0,0,1
EG050105DNRP99,0,255,32,20,19,0,4,0,341,48,24,28,0,9,0,137,17,8,8,0,2
EG050105DVRC99,598,517,600,334,557,317,248,845,738,870,442,820,422,355,293,228,317,177,287,148,125
EG050105LEED99,1,1,1,2,0,2,0,5,2,1,2,2,5,0,1,1,0,0,0,2,0
EG050105LQID99,58,7,10,0,67,1,102,96,14,20,2,133,1,192,9,0,1,0,8,0,16
EG050105PCSM99,0,0,0,0,0,62,0,0,0,0,0,0,65,0,0,0,0,0,0,37,0
EG050105SCSM99,16,2,0,8,32,1,14,57,2,0,26,81,2,31,4,0,0,1,4,0,6
EG050106BINBG99,0,0,3,18,75,50,9,0,0,3,33,143,107,26,0,0,0,10,31,27,3
EG050106BUND99,42,0,0,0,0,0,1,75,1,0,0,0,0,6,18,0,0,0,0,0,1
EG050106CMVC99,35,70,29,0,0,0,0,57,89,67,0,0,0,0,25,46,15,0,0,0,0
EG050106CVLC99,9,8,33,0,0,0,0,18,9,62,0,0,0,0,4,4,13,0,0,0,0
EG050106CWR099,11,6,0,0,0,0,0,15,8,0,0,0,0,0,3,0,0,0,0,0,0
EG050106DUPL99,3,1,4,3,33,24,18,4,1,4,3,42,41,29,1,1,2,2,14,15,8
EG050106FW0099,327,763,1091,1216,849,133,135,328,764,1101,1248,895,142,178,166,338,530,534,354,69,66
EG050106HUMD99,0,0,0,0,0,0,1,0,0,0,0,0,0,1,0,0,0,0,0,0,1
EG050106HUQD99,69,15,6,11,8,15,93,96,27,6,15,10,38,155,33,9,3,6,5,3,48
EG050106SAFIN99,147,141,77,51,13,0,1,283,359,135,81,45,0,1,59,68,43,23,7,0,0
EG050106SAFN99,5,5,3,14,1,7,12,6,5,3,22,1,7,14,2,2,1,5,1,3,1
EG050106SAFNN99,0,0,0,0,29,100,45,0,0,0,0,57,256,125,0,0,0,0,16,49,10
EG050106SP0099,498,76,730,688,556,85,48,500,76,738,693,561,85,49,224,31,353,292,241,38,21
EG050106SSFN99,1237,1020,1872,901,2001,1820,173,2235,1466,3071,1327,3816,3239,265,575,507,900,426,952,766,69
EG050106SSFV99,0,0,0,0,0,9,30,0,0,0,0,0,15,46,0,0,0,0,0,5,13
EG050106TL0099,0,0,0,0,0,0,0,2,0,0,1,0,0,0,0,0,0,0,0,0,0
EG050201AM0099,0,0,1,0,0,0,0,0,0,1,0,0,0,0,0,0,0,0,0,0,0
EG050201AQMA08,0,0,0,0,0,6,0,0,0,4,2,0,14,12,0,0,0,0,0,4,0
EG050201AWMA99,0,0,0,0,0,0,0,3,0,25,0,0,0,0,0,0,0,0,0,0,0
EG050201BASK99,0,0,0,0,0,0,0,0,0,3,1,0,0,0,0,0,0,0,0,0,0
EG050201BLAK99,4,0,0,0,1,1,5,5,2,3,10,4,2,18,0,0,0,0,0,0,2
EG050201BOXM99,1,0,0,0,0,0,0,1,0,1,0,0,0,0,0,0,0,0,0,0,0
EG050201GWMS99,0,0,0,0,5,9,1,0,0,0,0,15,17,1,0,0,0,0,4,5,1
EG050201MASH99,0,0,0,1,1,0,0,0,0,0,1,1,0,0,0,0,0,1,0,0,0
EG050201NETF99,0,4,0,4,103,41,8,2,4,0,10,167,71,13,0,4,0,3,46,20,6
EG050201PALIS99,12,13,12,4,4,3,4,20,19,27,7,6,4,7,7,11,10,1,3,3,3
EG050201PEDA99,0,0,0,13,89,29,2,0,0,0,18,130,39,3,0,0,0,8,61,19,1
EG050201PINK99,0,0,0,0,0,0,0,2,1,2,1,0,0,0,0,0,0,0,0,0,0
EG050201QOXM99,5,0,0,1,0,1,0,5,0,1,1,0,2,0,3,0,0,1,0,0,0
EG050201SA1014,1,1,0,0,0,0,0,1,1,1,0,0,0,0,1,1,0,0,0,0,0
EG050201SA1114,18,10,0,0,0,0,0,21,10,0,0,0,0,0,16,9,0,0,0,0,0
EG050201SBT99,4,7,1,4,0,3,3,18,7,1,5,1,4,5,3,7,1,3,0,1,3
EG050201SCOO99,5,2,13,2,4,18,11,21,6,34,13,16,52,30,0,1,0,0,3,5,4
EG050201STEE99,2,3,6,2,0,0,0,4,4,8,2,0,0,0,1,1,4,1,0,0,0
EG050201TAKW99,0,0,0,0,0,0,0,0,2,0,0,0,0,0,0,0,0,0,0,0,0
EG050201TTCN99,2,2,1,4,2,1,5,4,2,3,17,2,1,5,2,2,0,3,2,1,5
EG050202GEHL99,106,37,11,0,0,0,0,133,68,19,0,0,0,0,66,27,9,0,0,0,0
EG050202GWBM99,0,0,107,62,138,20,1,0,0,158,75,226,27,1,0,0,70,35,93,12,1
EG050202MBS99,0,0,0,0,0,0,6,0,0,0,0,0,0,8,0,0,0,0,0,0,5
EG050202PEDD99,158,74,74,2,65,2,0,234,119,120,2,83,2,0,87,35,40,1,35,2,0
EG050202PQDD99,0,10,1,7,15,59,3,3,10,2,8,19,101,3,0,5,1,5,12,28,2
EG050202SLGB99,4,7,67,45,26,64,17,12,7,113,57,42,87,26,3,5,28,26,19,36,6
EG050202SMS99,152,7,0,0,0,0,0,212,14,0,0,0,0,0,108,5,0,0,0,0,0
EG050301AA0099,0,1,0,0,0,0,0,18,7,15,0,0,0,0,0,0,0,0,0,0,0
EG050301AHTU99,0,0,4,0,1,0,2,2,1,20,0,11,3,2,0,0,2,0,0,0,1
EG050301AMKB99,0,0,7,70,36,6,63,0,0,8,136,51,11,109,0,0,2,35,21,6,32
EG050301AMOS99,1,10,250,12,0,0,0,4,13,362,19,0,0,0,1,2,59,0,0,0,0
EG050301ARNO99,0,1,4,1,2,0,0,2,1,20,2,8,8,5,0,1,1,0,1,0,0
EG050301AS0000,0,0,0,0,0,0,4,0,0,0,0,0,0,14,0,0,0,0,0,0,3
EG050301ASAL99,0,0,6,3,15,34,7,1,0,14,16,30,98,15,0,0,4,0,10,24,2
EG050301ASAL99C531,0,0,0,0,0,0,0,0,0,0,2,2,0,0,0,0,0,0,0,0,0
EG050301ASFR99,0,0,0,0,1,0,0,2,8,14,2,2,0,5,0,0,0,0,0,0,0
EG050301ATYL99,0,1,1,0,1,0,0,0,1,1,2,1,1,0,0,0,0,0,0,0,0
EG050301BA0099,158,3,16,10,2,1,0,268,12,21,16,3,2,1,93,2,14,6,2,1,0
EG050301BATTE99,0,0,1,6,0,5,1,1,11,1,7,1,13,10,0,0,1,6,0,2,0
EG050301BHBO99,0,0,0,0,2,82,4,0,0,0,0,7,119,6,0,0,0,0,0,48,3
EG050301BMAM99,68,28,0,0,3,2,0,171,38,0,0,4,5,29,18,6,0,0,1,1,0
EG050301BNAA99,22,0,3,3,4,1,3,38,2,6,5,5,1,6,7,0,2,0,1,0,3
EG050301BOBI99,0,1,0,0,0,1,0,6,1,15,4,2,3,10,0,0,0,0,0,0,0
EG050301BPB99,0,0,3,0,1,0,10,4,4,4,1,5,5,11,0,0,2,0,1,0,9
EG050301DISK99,0,0,0,0,1,0,0,0,7,0,0,1,1,0,0,0,0,0,0,0,0
EG050301DORON99,6,0,1,2,2,0,3,8,1,4,15,13,0,5,3,0,1,0,2,0,2
EG050301EGG99,0,0,0,0,288,386,105,0,0,0,0,451,512,166,0,0,0,0,131,211,60
EG050301EGN99,0,0,0,0,165,58,2,0,0,0,0,347,97,12,0,0,0,0,64,15,0
EG050301EIST99,0,0,78,409,253,200,1,0,0,132,707,396,382,2,0,0,43,245,146,117,1
EG050301ELRS99,0,0,0,92,303,440,595,0,0,0,183,540,806,1149,0,0,0,53,221,281,375
EG050301ELRT99,0,0,29,322,47,0,0,0,0,53,534,112,0,0,0,0,18,224,39,0,0
EG050301EWG99,0,0,0,43,25,0,0,0,0,0,56,37,2,6,0,0,0,21,13,0,0
EG050301FAFF99,0,0,0,0,0,0,1,61,65,0,0,0,4,21,0,0,0,0,0,0,0
EG050301FANN99,1,1,0,0,0,0,0,8,3,0,0,0,0,0,0,0,0,0,0,0,0
EG050301FASP99,0,0,4,5,10,38,2,0,0,5,7,23,53,3,0,0,0,2,3,8,0
EG050301GUNN99,0,2,9,2,5,12,0,3,2,13,4,11,20,0,0,1,5,1,1,4,0
EG050301HAAZ99,4,26,0,0,0,0,0,35,164,0,0,0,0,2,2,3,0,0,0,0,0
EG050301KHAZ99,0,57,2,0,0,0,1,1,133,33,0,0,0,3,0,25,0,0,0,0,1
EG050301KHEMA99,0,8,0,0,14,1,1,0,10,0,4,19,2,2,0,5,0,0,5,0,1
EG050301KOSP99,81,0,0,0,0,0,0,148,0,0,0,0,0,0,48,0,0,0,0,0,0
EG050301KOSP99C531,19,35,213,68,11,0,0,39,46,574,178,109,2,3,10,22,113,36,6,0,0
EG050301KOSP99CONS,0,0,0,0,0,0,0,83,0,0,0,0,0,0,0,0,0,0,0,0,0
EG050301KS0000,0,0,0,0,0,0,19,0,0,0,0,0,0,37,0,0,0,0,0,0,4
EG050301LADA99,91,0,13,44,0,2,3,191,7,40,102,4,9,23,36,0,9,14,0,0,1
EG050301LBOB99,3,3,7,5,3,4,0,3,7,39,17,16,10,8,2,0,6,5,3,3,0
EG050301LCDB99,0,1,0,0,0,0,0,2,1,12,2,0,0,0,0,0,0,0,0,0,0
EG050301MABL99,398,117,179,55,130,24,57,575,181,258,97,221,49,92,272,87,121,37,87,15,32
EG050301MARW99,1,1,6,126,84,77,55,1,1,12,173,130,158,89,0,1,6,58,38,39,27
EG050301MDF399,0,0,0,1,0,0,0,0,0,0,11,0,1,1,0,0,0,0,0,0,0
EG050301MEDM99,0,0,0,0,0,0,0,0,0,0,0,1,0,0,0,0,0,0,0,0,0
EG050301MFC99,3,0,23,1,3,10,6,4,0,42,5,9,14,8,1,0,12,1,1,9,4
EG050301MFCN99,85,50,147,108,16,5,18,183,80,205,151,35,7,41,47,27,90,79,6,4,9
EG050301MISI99C442,0,0,0,0,0,0,0,2,0,0,1,2,0,1,0,0,0,0,0,0,0
EG050301MMSS99,0,20,12,1,0,1,0,3,27,28,1,1,1,0,0,11,2,0,0,1,0
EG050301MPG99,0,0,0,0,0,0,0,0,0,0,3,1,2,1,0,0,0,0,0,0,0
EG050301MSST99C442,0,0,0,0,0,1,0,0,0,0,2,1,13,1,0,0,0,0,0,0,0
EG050301NAFF99,0,0,0,39,1,2,0,0,0,2,145,2,2,3,0,0,0,15,1,0,0
EG050301NATT99,0,0,3,12,0,0,0,0,0,13,20,0,0,0,0,0,1,6,0,0,0
EG050301NTAT99,27,26,81,174,123,176,49,51,43,104,250,239,288,98,18,11,50,116,80,101,34
EG050301PAMM99,0,0,0,0,0,0,0,2,0,0,0,0,0,0,0,0,0,0,0,0,0
EG050301PAPA99,1,0,0,0,0,0,0,1,0,0,0,0,0,0,0,0,0,0,0,0,0
EG050301PAPQ99,1,1,0,0,0,0,0,1,1,0,0,1,1,4,0,1,0,0,0,0,0
EG050301PILI99,0,0,0,0,0,0,0,3,1,23,4,22,1,0,0,0,0,0,0,0,0
EG050301PMSF99,53,2,2,0,0,0,0,89,4,10,1,1,4,5,37,0,2,0,0,0,0
EG050301PMZZ99,0,4,0,0,0,2,0,2,18,15,2,1,2,0,0,1,0,0,0,0,0
EG050301POMA99,4,0,0,0,0,0,0,5,0,0,1,0,0,0,4,0,0,0,0,0,0
EG050301PP0099,31,48,17,20,3,0,0,79,111,73,54,7,1,9,12,16,4,12,3,0,0
EG050301PRAR05,2,0,0,0,0,0,0,2,1,0,1,0,0,0,0,0,0,0,0,0,0
EG050301PRAR08,1,14,0,0,0,0,0,3,23,0,0,0,0,0,1,11,0,0,0,0,0
EG050301PROR99,0,0,0,0,0,0,0,1,5,22,13,0,0,0,0,0,0,0,0,0,0
EG050301RAYA99,176,73,5,15,6,41,31,340,146,145,105,67,148,82,61,19,1,7,0,21,19
EG050301RAYA99C531,0,0,0,0,1,0,1,0,0,0,0,4,6,11,0,0,0,0,1,0,1
EG050301RS0000,0,0,0,0,0,0,19,0,0,0,0,0,0,112,0,0,0,0,0,0,9
EG050301SABO99,4,8,1,0,1,3,1,4,16,2,0,6,4,1,4,4,1,0,0,2,0
EG050301SHARK99,0,0,0,0,0,36,19,0,0,0,0,0,50,34,0,0,0,0,0,24,8
EG050301SHIK99,0,3,0,0,0,0,0,0,3,2,1,0,7,2,0,3,0,0,0,0,0
EG050301SLBM99,1,0,0,2,1,1,2,2,0,2,4,2,1,3,1,0,0,0,0,1,1
EG050301SLGK99,1,0,0,0,0,0,3,16,6,2,2,2,0,3,1,0,0,0,0,0,1
EG050301SLSC99,0,0,1,1,0,0,1,6,0,4,2,1,0,4,0,0,0,1,0,0,0
EG050301SLSM99,0,0,0,1,0,0,2,11,1,21,6,0,0,2,0,0,0,0,0,0,1
EG050301SLVM99,0,0,0,0,0,2,0,1,0,3,1,0,2,1,0,0,0,0,0,1,0
EG050301TABL99,0,3,2,0,12,4,0,0,5,4,0,12,4,0,0,2,0,0,6,0,0
EG050301TAFE99,0,0,0,0,0,0,1,0,0,0,0,0,1,1,0,0,0,0,0,0,1
EG050301TAYA99,0,0,0,0,1,0,0,0,0,0,0,1,0,0,0,0,0,0,1,0,0
EG050301TYRA99,1,0,0,0,35,5,7,8,0,1,3,65,11,13,1,0,0,0,16,4,5
EG050301UUTU99C442,1,1,0,0,0,0,0,2,1,1,0,0,0,0,1,0,0,0,0,0,0
EG050301WAGN99,2,0,7,0,0,1,2,7,7,12,0,1,1,2,0,0,4,0,0,0,2
EG050301WAGU99,0,0,0,0,0,5,0,0,0,0,2,0,12,0,0,0,0,0,0,5,0
EG050301WARA99,0,0,1,0,0,0,0,0,0,3,0,0,0,0,0,0,1,0,0,0,0
EG050301WASN99,1,0,22,0,0,0,3,3,3,48,0,1,0,3,0,0,1,0,0,0,0
EG050301WBWG99C531,0,0,1,36,36,0,0,0,1,5,108,54,0,0,0,0,0,17,32,0,0
EG050301WINGG99,0,0,0,0,0,0,2,0,1,7,2,0,1,5,0,0,0,0,0,0,2
EG050302BACL99,0,1,1,2,1,0,6,11,3,5,7,1,0,7,0,1,0,1,0,0,3
EG050302FUNN99,0,1,0,4,1,2,0,1,2,0,5,1,3,2,0,1,0,3,1,1,0
EG050302MALA99,2,0,3,1,1,5,0,3,1,6,5,2,5,0,2,0,3,0,0,3,0
EG050302TBFB99,0,0,0,0,0,1,4,0,0,0,0,1,3,4,0,0,0,0,0,1,1
EG050302WB0099,0,0,0,0,0,0,0,0,2,0,0,0,0,0,0,0,0,0,0,0,0
EG050401ALAM99,7,2,3,3,3,10,7,11,5,9,5,6,11,10,5,2,3,2,3,5,3
EG050401CSCC99,0,0,0,10,68,22,30,0,0,0,10,145,27,35,0,0,0,5,29,12,16
EG050401DAAN99,1,25,0,0,0,1,0,5,92,0,0,0,1,0,1,6,0,0,0,0,0
EG050401DAHN99,0,0,12,0,0,0,0,1,0,26,0,0,0,0,0,0,9,0,0,0,0
EG050401DREO99,0,0,0,0,0,0,1,0,0,0,0,0,1,1,0,0,0,0,0,0,1
EG050401DRLO99,0,0,0,0,1,3,1,1,0,0,0,3,5,6,0,0,0,0,1,0,0
EG050401ERME99,172,79,42,9,1,2,4,345,114,62,10,1,4,7,68,33,17,4,1,1,4
EG050401GELO99,8,3,2,0,0,0,0,11,4,2,0,0,0,0,5,1,0,0,0,0,0
EG050401GENN99,11,24,0,0,0,0,0,20,39,0,0,0,0,0,9,21,0,0,0,0,0
EG050401GEOO99,172,11,229,266,207,183,34,216,25,321,385,314,330,51,79,8,143,177,115,118,17
EG050401GRNR99,0,0,0,3,6,0,2,0,0,0,3,7,2,2,0,0,0,2,3,0,2
EG050401KABL99,98,50,136,0,0,0,0,99,52,140,0,0,0,0,45,17,52,0,0,0,0
EG050401KALE99,0,0,0,0,0,0,0,1,0,0,0,6,0,0,0,0,0,0,0,0,0
EG050401KARA99,0,0,0,0,0,0,0,2,0,0,3,0,0,0,0,0,0,0,0,0,0
EG050401LAHA99,1,2,2,1,6,1,1,2,2,3,6,8,3,3,0,2,1,1,2,0,1
EG050401LASK99,6,9,5,41,13,7,53,10,9,5,53,13,10,76,4,5,3,24,12,3,30
EG050401LASQ99,50,44,1,0,0,0,1,99,71,2,1,0,0,2,26,25,1,0,0,0,0
EG050401LLHA99,15,273,354,183,160,207,100,19,532,621,299,272,383,159,8,92,160,93,80,97,48
EG050401LOQ099,26,35,6,0,0,0,0,42,49,18,0,0,0,0,5,12,3,0,0,0,0
EG050401MALO99,61,3,90,60,85,14,0,90,4,150,84,139,20,0,10,0,20,20,22,5,0
EG050401MFAK99,3,5,7,0,1,0,0,3,5,8,1,1,0,0,2,3,3,0,1,0,0
EG050401MOST99,0,0,0,0,0,0,3,0,0,0,0,0,0,5,0,0,0,0,0,0,3
EG050401MOUL99,98,68,107,30,19,5,30,149,144,141,33,21,9,48,60,30,55,10,3,3,19
EG050401MPNV99,35,3,2,2,198,12,4,51,5,2,2,223,23,7,24,3,1,1,63,6,1
EG050401MSE99,8,2,3,2,1,1,1,9,2,3,3,1,2,1,4,2,1,1,0,0,0
EG050401MZSG99,0,0,0,1,627,221,60,0,0,0,1,1102,468,112,0,0,0,1,170,42,25
EG050401NMBW99,70,41,1,0,2,1,4,125,62,1,0,3,2,7,22,16,0,0,1,1,3
EG050401SHEN99,47,98,127,111,0,0,0,56,112,183,143,0,0,0,19,45,40,39,0,0,0
EG050401SHIN99,209,54,585,426,296,700,483,343,81,956,711,503,1170,1050,61,17,192,133,106,259,187
EG050401SHRO99,0,0,0,0,0,0,0,0,0,1,0,0,0,0,0,0,0,0,0,0,0
EG050401SPRO99,33,33,79,0,2,0,0,53,61,130,0,2,0,0,16,24,42,0,1,0,0
EG050401SWAL99,0,2,5,24,1,30,32,2,4,12,55,1,60,74,0,1,2,8,0,16,17
EG050401TAKM99,2,3,0,3,8,0,0,3,3,0,6,11,0,0,1,1,0,3,6,0,0
EG050401TFBC99,18,80,9,2,10,62,124,37,161,17,3,17,131,227,7,23,3,0,6,40,77
EG050401TOPO99,1,2,2,1,3,0,0,3,4,10,1,3,1,0,0,1,1,1,1,0,0
EG050401TOTO99,2,27,0,0,0,0,0,6,41,0,0,0,0,0,0,13,0,0,0,0,0
EG050401TTO99,0,0,11,24,44,9,0,0,0,24,56,117,25,0,0,0,4,12,16,2,0
EG050401ZMF99,120,47,23,6,0,0,0,198,75,33,15,0,0,0,66,32,10,1,0,0,0
EG050402BUND99,1,0,1,2,0,0,0,1,0,2,2,0,0,0,0,0,0,0,0,0,0
EG050402CRBA99,7,0,0,0,0,0,0,11,0,0,0,0,0,0,5,0,0,0,0,0,0
EG050402CY0099,2,1,1,1,0,2,0,5,1,1,1,0,9,0,0,0,0,1,0,1,0
EG050402DOUK99,0,0,0,0,0,25,0,0,0,0,0,0,52,0,0,0,0,0,0,9,0
EG050402DOWO99,0,0,0,0,0,0,4,0,0,0,0,0,0,4,0,0,0,0,0,0,2
EG050402DSTO99,2,2,2,3,2,10,3,3,3,9,4,5,24,4,0,0,0,1,1,2,2
EG050402DWTS99,3,2,2,2,0,0,0,19,8,10,9,3,3,0,1,0,0,2,0,0,0
EG050402FATA99,2,1,2,0,0,0,0,2,4,2,0,0,0,0,0,0,0,0,0,0,0
EG050402INSH99,3,0,3,1,3,3,1,5,1,4,2,3,5,1,2,0,2,0,1,2,1
EG050402JUC99,0,0,38,153,938,819,317,0,0,67,209,1325,1193,464,0,0,27,83,534,435,167
EG050402JVC99,48,62,30,1,0,0,0,63,83,48,1,0,0,0,29,29,16,0,0,0,0
EG050402LJML99,0,0,0,0,0,0,0,0,0,0,0,1,0,0,0,0,0,0,0,0,0
EG050402MASM99,0,0,0,0,0,0,0,13,0,0,0,0,0,0,0,0,0,0,0,0,0
EG050402MOAW99,0,0,0,0,0,0,0,0,0,0,0,0,0,1,0,0,0,0,0,0,0
EG050402MONS99,55,120,169,63,43,19,17,93,250,279,131,71,34,33,24,50,54,21,20,4,8
EG050402NQ0099,239,216,81,2,375,267,301,483,362,133,5,675,424,456,127,116,39,1,189,138,122
EG050402NS0099,36,152,94,7,0,0,0,51,212,145,11,0,0,0,18,73,50,4,0,0,0
EG050402NTOOL99,0,0,0,0,0,0,39,0,0,0,0,0,0,89,0,0,0,0,0,0,8
EG050402NWMA99,22,37,60,8,0,0,0,31,58,95,39,0,0,0,8,22,16,4,0,0,0
EG050402PBEQ99,3,1,2,14,9,5,6,6,3,4,20,13,18,10,2,1,2,10,7,2,3
EG050402PLOO99,0,0,1,0,0,0,0,0,0,2,0,1,2,0,0,0,1,0,0,0,0
EG050402POWR99,1,5,2,35,102,50,3,4,5,3,46,180,95,7,1,1,1,19,69,20,2
EG050402PRTD99,0,0,137,59,109,4,0,0,0,329,76,224,6,0,0,0,46,29,60,3,0
EG050402SARO99,0,0,4,0,0,0,0,0,0,5,2,0,1,0,0,0,1,0,0,0,0
EG050402SBHS99,0,0,0,17,197,254,98,0,0,0,36,380,511,176,0,0,0,6,90,115,40
EG050402SBIA99,0,0,0,0,34,150,41,0,0,0,0,70,367,114,0,0,0,0,25,71,17
EG050402SBIS99,0,130,76,212,124,5,14,0,189,140,323,190,6,21,0,57,39,109,64,3,6
EG050402SBSK99,0,21,58,35,5,16,9,0,43,117,92,8,39,16,0,9,22,21,3,8,0
EG050402SBTB99,510,347,425,429,409,370,42,838,522,727,766,830,597,90,215,139,184,174,180,142,13
EG050402SBTS99,864,858,1134,927,776,206,179,1785,1527,1971,1660,1989,381,382,394,394,527,373,239,75,31
EG050402SHGE99,1,0,0,0,0,0,0,1,0,0,0,0,0,1,0,0,0,0,0,0,0
EG050402SHIN99,0,0,0,0,61,8,0,0,0,0,0,142,29,0,0,0,0,0,15,3,0
EG050402SHJL99,0,2,32,4,3,1,0,0,2,61,16,4,3,0,0,1,12,2,0,1,0
EG050402SHNI99,0,0,0,0,0,0,2,0,0,0,0,0,0,3,0,0,0,0,0,0,0
EG050402STBB99,1418,1946,2761,2238,1722,683,345,2436,3327,4737,3626,2968,1239,577,656,887,1274,943,806,323,133
EG050402STBB99NEW,0,0,0,0,0,325,627,0,0,0,0,0,457,1022,0,0,0,0,0,148,245
EG050402STYB99,0,0,0,0,0,2,0,0,0,0,0,0,4,0,0,0,0,0,0,1,0
EG050402TLLS99,0,0,1,1,0,0,0,0,0,1,4,0,0,0,0,0,1,0,0,0,0
EG050402TOCT99,0,25,0,0,0,0,0,0,55,0,0,0,0,0,0,4,0,0,0,0,0
EG050402TOLS99,0,0,0,0,0,0,1,0,0,0,0,0,1,2,0,0,0,0,0,0,0
EG050402TOMI99,1,148,71,179,123,58,7,6,239,119,394,281,148,22,0,29,15,24,16,9,1
EG050402TOOL99,3,1,0,0,0,1,1,13,3,0,0,1,1,2,1,0,0,0,0,0,0
EG050402TOQT99,5,60,0,1,2,7,2,11,149,0,3,7,12,5,2,12,0,0,1,2,0
EG050402TTOO99,0,0,1,1,3,5,0,0,1,1,1,3,7,0,0,0,0,1,1,1,0
EG050402XL0099,0,2,1,3,2,0,1,4,4,14,8,3,2,2,0,1,1,2,0,0,0
EG050501BANDA99,9,9,9,2,4,1,5,28,12,12,4,8,12,8,6,4,4,2,3,1,2
EG050501BENT99,0,0,0,0,0,0,0,0,1,0,0,0,0,0,0,0,0,0,0,0,0
EG050501BFBA99,1,1,0,0,2,2,4,1,1,1,4,4,3,6,1,1,0,0,2,2,3
EG050501BTP99,3,0,2,1,0,0,0,5,1,6,1,1,1,2,3,0,2,1,0,0,0
EG050501BYTT99,4,0,146,1,17,11,33,16,2,232,13,29,16,79,0,0,47,1,6,3,13
EG050501CRPLN99,0,0,0,0,0,0,1,0,0,0,0,0,0,1,0,0,0,0,0,0,1
EG050501EBFB99,0,0,0,0,14,18,23,0,0,0,0,38,39,32,0,0,0,0,7,9,15
EG050501KWAR99,66,32,48,2,2,5,1,110,53,85,3,13,8,15,30,15,20,1,1,1,0
EG050501NAM05,0,0,0,0,0,0,0,0,0,1,0,0,0,0,0,0,0,0,0,0,0
EG050501NAM19,0,0,0,2,0,3,1,0,0,2,3,0,3,1,0,0,0,2,0,3,1
EG050501PLAT99,0,0,1,0,1,0,3,0,1,2,1,1,0,4,0,0,1,0,0,0,2
EG050501SGAD99,8,0,57,29,17,2,8,39,0,84,41,31,3,11,4,0,26,12,10,0,3
EG050501SSPA99,0,0,0,0,0,0,49,0,0,0,0,0,0,68,0,0,0,0,0,0,23
EG050501WELD99,0,0,0,0,0,0,0,0,2,0,0,0,0,0,0,0,0,0,0,0,0
EG050502AZBO99,2,0,1,0,1,0,0,2,0,1,0,1,2,1,0,0,0,0,0,0,0
EG050502AZGI99,0,0,0,0,0,0,0,1,0,0,0,0,0,0,0,0,0,0,0,0,0
EG050502AZRQ99,0,0,0,0,0,1,0,0,0,14,11,0,1,2,0,0,0,0,0,0,0
EG050502BABB99,1,0,1,0,0,0,0,2,0,1,0,0,1,1,1,0,1,0,0,0,0
EG050502BBS99,5,13,3,47,15,3,28,6,20,3,60,22,4,52,4,7,3,33,11,1,20
EG050502BCHS99,37,195,137,83,0,1,1,61,433,236,108,1,1,1,25,83,66,57,0,1,0
EG050502BMCB99,0,0,0,119,91,68,12,0,0,0,249,146,102,19,0,0,0,58,50,40,7
EG050502BMCP99,0,0,0,102,45,61,28,0,0,0,166,62,96,55,0,0,0,54,31,38,13
EG050502BMCS99,477,455,514,378,181,107,106,796,690,930,721,252,157,175,253,248,258,179,95,48,59
EG050502BPCL99,32,169,218,78,0,0,0,39,306,354,136,0,0,0,15,82,126,42,0,0,0
EG050502CHBA99,114,46,10,0,47,94,2,254,108,16,0,115,237,3,51,24,6,0,18,50,1
EG050502CHBC99,0,0,0,23,40,10,5,0,0,0,32,72,16,7,0,0,0,13,22,5,3
EG050502CHBS99,0,0,0,0,8,38,5,0,0,0,0,15,107,6,0,0,0,0,4,17,1
EG050502DBBS99,9,66,82,239,30,13,8,11,88,109,329,50,21,11,5,50,53,137,19,9,3
EG050502ELPU99,0,0,0,1,6,7,8,0,0,0,2,11,10,9,0,0,0,0,3,2,5
EG050502HAMI99,1,0,0,1,1,2,1,1,0,0,1,1,2,1,1,0,0,1,0,0,1
EG050502HOSAN99,0,1,0,0,0,3,0,1,2,1,0,3,7,4,0,1,0,0,0,3,0
EG050502KOMZ99,2,2,0,0,0,0,0,3,2,0,0,0,0,0,2,2,0,0,0,0,0
EG050502LSEH99,262,183,96,258,83,253,145,457,284,187,357,128,462,251,142,94,52,149,49,159,76
EG050502NASR99,1,3,0,0,0,0,0,8,4,0,0,0,0,0,1,2,0,0,0,0,0
EG050502PBBP99,0,0,0,0,0,0,0,0,0,1,0,1,1,0,0,0,0,0,0,0,0
EG050502PBNP99,2,0,1,3,1,1,0,2,1,1,8,4,5,1,1,0,0,0,0,0,0
EG050502PUMP99,2,0,1,0,0,0,0,5,3,3,3,0,2,0,0,0,0,0,0,0,0
EG050502SHYA99,3,0,1,0,2,1,0,3,0,2,0,2,1,0,2,0,1,0,1,1,0
EG050502SSBT99,0,0,0,0,0,0,0,0,0,1,0,0,0,0,0,0,0,0,0,0,0
EG050601ABAA99,1,1,2,41,11,5,0,2,2,3,46,15,10,0,0,1,0,26,10,5,0
EG050601CABA99,924,168,186,245,74,168,145,1953,332,565,525,206,373,311,495,83,98,114,49,81,86
EG050601CACH99,1,0,0,0,0,0,0,2,0,0,0,0,0,0,0,0,0,0,0,0,0
EG050601CALC99,4,0,0,0,0,0,0,9,11,0,0,0,0,0,0,0,0,0,0,0,0
EG050601CAPA99,93,103,11,7,51,1,14,236,668,54,16,106,2,30,40,43,3,5,21,0,7
EG050601CMAR0099,0,0,0,0,0,0,0,0,5,3,3,0,0,0,0,0,0,0,0,0,0
EG050601COLO99,2,1,0,0,0,3,0,18,14,27,19,5,37,25,1,1,0,0,0,0,0
EG050601COLR99,0,0,0,1,4,1,0,0,0,0,52,33,19,6,0,0,0,0,3,0,0
EG050601ICER0099,0,0,0,0,0,0,0,14,23,22,1,0,0,0,0,0,0,0,0,0,0
EG050601MQLA99,0,0,0,0,0,0,13,1,1,1,0,0,1,30,0,0,0,0,0,0,6
EG050601PENC99,6,1,2,164,552,124,14,6,1,3,187,599,125,20,4,0,1,71,237,59,9
EG050601PROJ99,1,0,26,39,1,1,0,2,10,58,65,2,2,3,0,0,13,22,0,1,0
EG050601SHAN0099,0,0,0,0,0,0,0,31,3,1,0,0,0,0,0,0,0,0,0,0,0
EG050601TERB0099,1,0,0,0,0,0,0,1,0,0,4,0,0,0,0,0,0,0,0,0,0
EG050601WACO99,0,0,4,4,18,19,5,4,1,6,12,81,71,30,0,0,4,1,3,7,3
EG050601ZAMZ0099,0,0,0,0,0,0,0,6,6,12,3,0,0,0,0,0,0,0,0,0,0
EG0507013HPHS0000,0,0,0,0,0,0,19,0,0,0,0,0,0,40,0,0,0,0,0,0,4
EG0507013HPHV0000,0,0,0,0,0,0,17,0,0,0,0,0,0,30,0,0,0,0,0,0,4
EG0507013SB099,6,2,3,578,164,2938,1394,6,4,3,1075,457,5014,2116,4,2,3,262,82,1642,809
EG0507013SBMT0000,0,0,0,0,0,0,1736,0,0,0,0,0,0,2558,0,0,0,0,0,0,1012
EG050701AD0099,0,0,0,0,0,0,0,0,0,1,0,0,0,0,0,0,0,0,0,0,0
EG050701AP99,0,1,0,0,0,0,0,4,3,1,0,0,0,0,0,1,0,0,0,0,0
EG050701BAFA99,0,0,23,0,0,1,3,0,0,48,0,0,1,4,0,0,8,0,0,0,1
EG050701BANDL99,0,0,0,0,148,96,107,0,0,0,0,245,205,176,0,0,0,0,77,52,65
EG050701BANWL99,0,0,0,0,17,0,1,0,0,0,0,42,0,2,0,0,0,0,7,0,1
EG050701BATB99,0,0,0,0,0,0,0,0,0,0,0,0,0,2,0,0,0,0,0,0,0
EG050701BBBS99,0,0,0,0,0,0,0,0,0,0,0,0,0,2,0,0,0,0,0,0,0
EG050701BBFH99,5,0,0,0,0,0,0,10,0,0,0,0,0,0,3,0,0,0,0,0,0
EG050701BBPB99,0,0,1,0,0,0,0,0,0,1,0,1,1,4,0,0,1,0,0,0,0
EG050701BCHS99,0,0,0,14,0,0,0,0,0,0,32,0,0,0,0,0,0,5,0,0,0
EG050701BCSC99,0,0,0,68,62,0,0,0,0,0,101,126,0,0,0,0,0,27,24,0,0
EG050701BENT99,0,0,0,0,0,0,0,0,1,0,0,0,0,0,0,0,0,0,0,0,0
EG050701BFD99,22,0,1,0,0,0,0,33,0,1,0,0,0,0,7,0,0,0,0,0,0
EG050701BGFH99,3,0,0,0,0,0,0,4,0,0,0,0,0,0,1,0,0,0,0,0,0
EG050701BMOL99,0,5,10,16,1,8,5,0,6,12,20,4,8,5,0,4,8,7,0,2,2
EG050701BMPB99,0,1429,826,763,662,424,238,0,2040,1402,1117,1255,831,392,0,752,415,399,308,203,121
EG050701BMPT99,0,58,0,0,0,0,0,0,76,0,0,0,0,0,0,40,0,0,0,0,0
EG050701BMRM99,81,11,7,7,2,0,0,117,16,12,8,2,0,0,26,5,1,3,0,0,0
EG050701BMRN99,0,89,784,464,250,1165,1496,0,109,1256,769,435,1940,2312,0,40,383,195,113,563,731
EG050701BMSG99,0,0,0,7,369,542,89,0,0,0,15,680,1018,173,0,0,0,3,128,151,33
EG050701BNNN99,0,0,0,0,0,0,0,1,1,1,0,0,0,0,0,0,0,0,0,0,0
EG050701BOWA99,2,80,3,40,35,17,42,2,152,15,66,77,28,81,1,22,1,8,18,6,12
EG050701BOWM99,0,0,0,0,0,1,3,2,0,0,0,0,3,3,0,0,0,0,0,1,0
EG050701BRS99,37,0,0,0,0,0,2,39,0,0,0,0,0,3,14,0,0,0,0,0,1
EG050701BSAC99,8,132,2,1,5,26,0,23,311,2,1,20,57,0,3,22,0,0,2,14,0
EG050701BSCB99,1,31,31,14,0,0,0,1,47,56,31,0,0,0,0,19,23,9,0,0,0
EG050701BSOO99,0,0,7,0,0,0,0,0,0,19,0,0,0,0,0,0,0,0,0,0,0
EG050701BSSP99,13,2,1,4,2,2,6,42,4,2,5,3,4,10,6,1,0,3,1,1,2
EG050701BTBB99,1,0,3,2,1,0,0,9,1,106,2,4,0,0,1,0,0,2,1,0,0
EG050701BTSH99,0,0,9,0,145,13,0,0,2,13,1,256,25,0,0,0,5,0,64,6,0
EG050701BUNL99,0,3,0,0,0,0,0,0,3,0,0,0,0,0,0,1,0,0,0,0,0
EG050701BUUU99,0,1,0,0,0,4,3,2,2,2,0,1,19,3,0,1,0,0,0,1,1
EG050701BWGP99,0,0,0,0,0,0,2,0,0,1,0,0,2,6,0,0,0,0,0,0,0
EG050701BYKO99,2,0,1,0,1,2,36,7,2,15,0,2,3,66,0,0,1,0,0,1,19
EG050701CABA99,165,24,17,8,0,67,96,289,30,22,13,0,155,164,78,13,10,3,0,36,47
EG050701CABB99,6,10,1,0,0,0,0,6,10,4,0,0,0,0,2,8,1,0,0,0,0
EG050701CAUC99,0,0,0,0,1,4,8,0,0,0,0,1,6,9,0,0,0,0,0,1,3
EG050701CDB99,8,7,8,5,12,285,34,8,7,18,5,13,417,84,4,3,3,1,9,141,11
EG050701CEB99,0,0,0,0,0,0,0,0,0,0,0,0,1,1,0,0,0,0,0,0,0
EG050701CPMA99,2,0,0,0,1,0,0,2,2,2,1,1,0,0,1,0,0,0,0,0,0
EG050701CT0000,0,0,0,0,0,11,48,0,0,0,0,0,21,75,0,0,0,0,0,3,19
EG050701CVB99,45,33,154,208,72,230,174,49,34,211,259,96,417,260,16,17,70,97,32,101,65
EG050701DCBC99,21,0,0,0,0,0,0,35,0,0,0,0,0,0,7,0,0,0,0,0,0
EG050701DFD99,0,0,2,11,4,3,2,0,0,2,31,8,6,6,0,0,2,6,3,1,2
EG050701DMTF99,0,17,100,41,112,59,528,0,49,303,133,235,106,1050,0,7,37,18,46,27,267
EG050701DMTF99NEW,0,0,0,0,0,227,784,0,0,0,0,0,351,1221,0,0,0,0,0,121,392
EG050701DVRC99,0,7,15,3,13,4,7,0,11,19,8,22,7,11,0,2,7,2,4,3,4
EG050701FETB99,0,0,0,0,2,0,1,0,0,1,1,9,0,1,0,0,0,0,0,0,1
EG050701FFOO99,13,9,83,40,0,56,517,24,11,86,41,0,73,550,8,4,38,16,0,28,233
EG050701FFOT99,0,0,0,0,0,3,1,0,0,0,0,0,7,1,0,0,0,0,0,3,1
EG050701FOTA99,176,0,0,0,7,3457,970,177,0,0,0,7,3474,1007,85,0,0,0,2,1574,443
EG050701FWAA99,25,71,70,29,70,66,7,32,90,100,41,112,95,9,20,45,36,20,40,40,6
EG050701FWAN99,0,0,1,133,417,364,387,0,0,3,199,703,603,595,0,0,1,73,220,204,217
EG050701FWSP99,337,245,387,108,5,18,1,481,321,582,143,6,23,1,178,117,201,48,2,9,0
EG050701GBB0000,0,0,0,0,0,0,0,0,0,0,0,0,2,0,0,0,0,0,0,0,0
EG050701GBR99,0,0,0,0,0,0,0,0,0,0,0,0,1,0,0,0,0,0,0,0,0
EG050701GEBT99,0,0,0,2,0,0,0,0,0,0,2,0,0,0,0,0,0,2,0,0,0
EG050701GFTA99,0,0,0,0,0,5,0,0,0,0,0,0,10,1,0,0,0,0,0,3,0
EG050701GIFT99,0,0,0,0,0,0,42,0,0,0,0,0,0,64,0,0,0,0,0,0,20
EG050701GWBB99,0,0,0,0,23,11,21,0,0,0,0,30,16,30,0,0,0,0,16,3,15
EG050701HDNA99,1,1,3,3,0,0,0,3,1,6,6,0,0,0,1,1,1,2,0,0,0
EG050701HSB99,0,0,0,0,0,0,0,0,0,0,0,3,0,0,0,0,0,0,0,0,0
EG050701JUC0000,0,0,0,0,0,1,0,0,0,0,0,0,1,0,0,0,0,0,0,1,0
EG050701KOSP99,4,0,3,0,0,0,0,36,19,50,1,1,0,10,0,0,1,0,0,0,0
EG050701LASK99,0,0,1,0,0,0,0,0,0,1,0,0,0,1,0,0,1,0,0,0,0
EG050701MABA99,0,1,0,0,0,0,0,28,14,17,0,0,0,0,0,0,0,0,0,0,0
EG050701MBKB99,1,6,3,0,0,0,0,1,10,4,1,2,0,0,0,1,1,0,0,0,0
EG050701MBKS99,33,68,1,0,0,0,0,75,111,31,1,0,0,0,14,27,0,0,0,0,0
EG050701MDLM99,369,235,197,188,124,76,57,540,323,260,276,197,119,75,157,87,101,88,64,41,19
EG050701MGNC99,10,0,1,0,0,6,0,11,0,1,0,0,8,0,4,0,0,0,0,1,0
EG050701MMCS99,0,0,0,0,0,1,0,0,0,3,0,0,3,0,0,0,0,0,0,0,0
EG050701MMZE99,183,198,416,62,255,46,96,357,330,821,88,520,83,191,84,76,203,29,133,22,46
EG050701MOCA99,0,0,0,0,49,26,0,0,0,0,0,126,41,0,0,0,0,0,20,13,0
EG050701MOIW99,0,0,1,0,0,0,0,0,0,1,0,0,0,0,0,0,1,0,0,0,0
EG050701MOZB99,0,0,0,0,1,2,0,0,0,0,0,1,2,0,0,0,0,0,0,1,0
EG050701MOZL99,24,7,243,1003,337,245,348,29,11,316,1425,639,539,550,12,5,140,568,163,142,219
EG050701MPGW99,64,157,41,0,0,0,0,101,216,58,0,0,0,0,29,80,20,0,0,0,0
EG050701MPPV99,3,0,0,0,1,1,0,4,0,0,0,1,1,0,2,0,0,0,0,1,0
EG050701MSZE99,0,0,3,0,0,0,2,0,0,3,2,0,0,2,0,0,2,0,0,0,0
EG050701MTB99,0,0,3,0,0,0,0,0,0,6,0,0,0,0,0,0,2,0,0,0,0
EG050701MTWG99,5,0,0,1,4,0,0,27,0,1,1,9,0,0,0,0,0,1,3,0,0
EG050701MTZE99,0,0,0,0,0,0,5,0,0,0,0,0,0,24,0,0,0,0,0,0,3
EG050701NLB99,0,0,0,0,1,0,0,0,0,0,0,1,0,0,0,0,0,0,1,0,0
EG050701NVBS99,91,24,0,0,0,0,0,120,34,0,0,0,0,0,53,12,0,0,0,0,0
EG050701PAST99,0,1,0,0,0,0,2,0,1,1,1,0,0,2,0,1,0,0,0,0,1
EG050701PEPE99,0,0,0,0,1,0,0,0,0,0,0,1,0,0,0,0,0,0,1,0,0
EG050701PEPI99,7,0,0,0,0,0,0,9,0,0,0,0,0,1,2,0,0,0,0,0,0
EG050701PEPS99,0,0,0,0,0,0,0,0,0,5,1,0,0,0,0,0,0,0,0,0,0
EG050701PEPT99,0,0,0,0,0,0,0,0,0,10,34,6,11,1,0,0,0,0,0,0,0
EG050701PRBS99,0,0,0,0,2,1,1,0,0,0,0,2,1,3,0,0,0,0,2,1,0
EG050701PSMG99,0,3,0,0,0,1,0,0,3,0,0,0,1,0,0,2,0,0,0,0,0
EG050701PW0099,1,0,1,0,0,0,0,1,0,2,0,1,0,0,1,0,1,0,0,0,0
EG050701RM0099,0,0,0,0,0,0,0,0,0,0,0,0,0,1,0,0,0,0,0,0,0
EG050701SAAR99,0,0,5,6,0,0,0,0,0,7,7,0,0,0,0,0,2,6,0,0,0
EG050701SAYA99,0,1,2,0,0,0,0,0,1,2,0,0,0,0,0,0,1,0,0,0,0
EG050701SBBC99,0,0,0,0,3,1,0,0,0,0,0,4,1,0,0,0,0,0,2,1,0
EG050701SBMT0000,0,0,0,0,0,0,0,0,0,0,0,0,0,6,0,0,0,0,0,0,0
EG050701SHBR99,3,21,25,50,206,120,343,3,25,37,75,308,205,599,3,15,15,29,110,61,151
EG050701SHCA99,0,1,0,1,0,0,0,0,1,0,1,0,0,0,0,1,0,1,0,0,0
EG050701SPB0000,0,0,0,0,0,0,15,0,0,0,0,0,0,30,0,0,0,0,0,0,10
EG050701SPB099,0,0,0,0,25,52,25,0,0,0,0,33,67,39,0,0,0,0,14,32,15
EG050701SPBS99,0,0,0,0,0,2,0,0,0,0,0,2,3,1,0,0,0,0,0,1,0
EG050701SPST99,103,1,0,0,0,1,0,181,2,0,0,0,1,0,43,1,0,0,0,1,0
EG050701SRNG99,3,1,0,1,0,0,0,4,1,2,1,0,0,0,1,1,0,1,0,0,0
EG050701STKH99,5,14,0,0,0,0,0,8,14,0,0,0,0,0,1,4,0,0,0,0,0
EG050701STST99,0,1,3,0,0,0,0,0,1,3,0,0,0,0,0,1,1,0,0,0,0
EG050701TABB99,0,1,0,0,0,0,0,0,3,0,0,0,2,0,0,1,0,0,0,0,0
EG050701TCGB99,0,0,0,0,0,0,0,0,0,0,0,0,10,0,0,0,0,0,0,0,0
EG050701TFD99,0,0,0,0,1,0,2,0,0,0,0,1,0,2,0,0,0,0,1,0,1
EG050701TRAM99,0,0,0,0,3,2,0,0,0,0,0,6,3,2,0,0,0,0,2,2,0
EG050701TSB99,829,1401,1948,797,1116,1257,783,1195,1914,3077,1341,1960,2132,1108,443,786,1071,410,552,672,432
EG050701TTAT99,0,0,1,4,968,763,207,0,0,2,7,1467,1199,348,0,0,0,1,516,352,95
EG050701VARAF99,0,1,0,0,0,0,0,0,1,0,0,0,0,0,0,1,0,0,0,0,0
EG050701WALA99,0,0,7,0,0,0,1,0,0,11,1,0,0,1,0,0,3,0,0,0,1
EG050701WBSP99,0,2,1,0,0,0,0,0,2,1,0,0,1,0,0,1,0,0,0,0,0
EG050701WELD99,1,0,0,0,0,0,0,1,0,0,0,0,0,0,1,0,0,0,0,0,0
EG050701WEQA99,28,7,10,1,2,4,1,44,8,19,1,3,16,1,14,5,5,1,0,1,1
EG050701WGBB99,2,2,0,0,0,0,0,5,2,0,0,0,0,0,0,1,0,0,0,0,0
EG050701WGBC99,2,0,0,0,0,0,0,2,0,0,0,0,0,0,0,0,0,0,0,0,0
EG050701WGBP99,26,0,0,0,0,0,0,38,0,0,0,0,0,0,16,0,0,0,0,0,0
EG050701WGBQ99,66,0,0,2,5,2,0,108,0,0,2,5,3,0,23,0,0,0,4,0,0
EG050701WGVB99,1,0,0,0,0,0,0,1,0,0,0,0,0,0,0,0,0,0,0,0,0
EG0507CMPS99,0,0,0,0,0,0,334,0,0,0,0,0,0,473,0,0,0,0,0,0,155
EG0507KMJN99,0,0,0,0,0,0,0,0,0,0,0,0,2,1,0,0,0,0,0,0,0
EG0507MAWA99,0,0,163,404,147,62,41,0,0,246,696,321,120,72,0,0,110,199,76,30,14
EG050801CAQO99,0,1,0,22,14,0,0,0,1,0,26,17,0,0,0,1,0,21,8,0,0
EG050801DOQO99,0,1,0,1,0,0,0,0,2,1,1,0,0,0,0,1,0,1,0,0,0
EG050801KAMM99,0,0,0,0,0,0,0,9,0,0,0,0,0,0,0,0,0,0,0,0,0
EG050801PURSH99,39,2,3,0,0,0,1,61,6,5,0,0,1,1,26,1,2,0,0,0,0
EG050801TL0099,0,0,3,1,1,0,0,0,0,4,3,1,0,0,0,0,1,1,1,0,0
EG050901BOGI99,0,0,0,0,0,0,0,0,0,0,0,1,0,1,0,0,0,0,0,0,0
EG050901BORKN99,19,1,2,7,3,5,1,37,2,4,11,7,6,3,9,1,1,5,2,2,1
EG050901DABD99,0,0,0,0,4,11,1,0,0,0,0,5,21,1,0,0,0,0,1,2,0
EG050901DAGI99,3,2,0,0,0,0,0,4,2,0,0,0,0,0,0,2,0,0,0,0,0
EG050901FADA99,31,0,0,0,0,0,0,53,0,0,0,0,0,0,14,0,0,0,0,0,0
EG050901FADD99,2,1,0,1,0,0,0,3,1,0,2,1,0,1,2,0,0,0,0,0,0
EG050901FAWA99,0,0,0,0,0,0,0,0,0,0,0,0,0,1,0,0,0,0,0,0,0
EG050901FFDD99,14,0,0,1,17,4,0,27,0,0,1,25,14,0,2,0,0,1,3,3,0
EG050901FFDF99,161,69,13,19,0,0,0,164,70,14,21,0,0,0,58,21,6,14,0,0,0
EG050901FWAH99,2,0,0,4,5,0,0,4,0,1,7,6,0,1,1,0,0,2,0,0,0
EG050901GBV99,0,0,0,0,0,0,0,0,2,0,0,1,0,0,0,0,0,0,0,0,0
EG050901HSN99,86,0,0,0,0,0,0,201,0,0,0,0,0,0,24,0,0,0,0,0,0
EG050901JILY99,0,0,0,0,0,0,0,0,2,0,0,0,1,0,0,0,0,0,0,0,0
EG050901KORS99,92,504,204,22,15,4,7,138,686,313,27,30,17,13,50,250,113,6,11,3,6
EG050901NEHO99,0,0,0,0,0,1,1,2,0,1,2,0,4,1,0,0,0,0,0,0,0
EG050901OH0000,81,2,0,2,0,1,1,123,3,0,2,0,1,1,19,1,0,2,0,1,1
EG050901OH0099,73,66,20,0,0,0,1,177,119,160,2,0,0,1,19,32,6,0,0,0,1
EG050901OHSB99,63,115,22,2,0,0,1,123,238,250,5,2,0,5,18,61,5,1,0,0,1
EG050901SJAD99,22,8,9,3,8,5,3,35,10,12,6,15,6,6,3,3,3,2,6,2,2
EG050901TABA99,14,4,2,1,1,0,0,19,7,4,1,1,0,0,4,3,2,0,0,0,0
EG050901TAWA99,13,4,1,1,0,0,0,18,6,1,2,0,1,0,0,3,1,1,0,0,0
EG050901YH0099,0,0,0,0,2,0,0,1,0,0,0,3,0,0,0,0,0,0,2,0,0
EG051001CSL99,0,0,0,0,0,0,0,0,0,0,0,1,0,0,0,0,0,0,0,0,0
EG051001FRDD99,21,10,9,392,131,91,8,36,13,26,517,185,203,14,7,5,4,159,49,30,3
EG051001HAZA99,0,0,0,0,0,0,0,0,2,0,0,0,0,0,0,0,0,0,0,0,0
EG051001KASM99,1,2,1,13,0,0,0,5,3,1,14,1,2,0,1,0,1,1,0,0,0
EG051001KORS99,2,26,4,0,0,0,6,2,36,10,0,0,0,16,2,16,2,0,0,0,1
EG051001SHAC99,0,1,0,0,3,14,3,0,1,1,0,3,20,5,0,0,0,0,2,7,3
EG051001TBBV99,0,0,0,0,74,63,59,0,0,0,0,154,162,96,0,0,0,0,35,29,25
EG051001UM0099,2,1,5,0,0,0,0,4,1,6,0,0,0,0,2,1,1,0,0,0,0
EG051002BESK99,0,0,0,117,31,287,100,0,0,0,161,43,663,191,0,0,0,58,18,86,38
EG051002BESS99,0,0,0,0,244,134,71,0,0,0,0,386,251,155,0,0,0,0,100,50,20
EG051002BEST99,0,0,0,0,0,1,5,0,0,0,0,0,2,17,0,0,0,0,0,0,1
EG051002BESW99,0,1,0,0,0,0,0,0,1,3,2,0,0,2,0,1,0,0,0,0,0
EG051002CEF99,0,0,0,0,1,11,4,0,0,0,0,1,25,94,0,0,0,0,0,4,2
EG051002HSV99,0,0,0,0,84,23,0,0,0,0,0,91,24,0,0,0,0,0,33,14,0
EG051002NLF99,0,0,0,0,61,0,0,0,0,0,0,101,0,0,0,0,0,0,23,0,0
EG051002TKSI99,0,0,0,1,0,2,0,0,0,0,2,0,2,0,0,0,0,0,0,2,0
EG1Y841726M,0,0,0,0,0,2218,3978,0,0,0,0,0,2251,4483,0,0,0,0,0,829,1382
EG30101NAMG99,0,0,0,0,0,0,0,0,0,1,0,0,0,0,0,0,0,0,0,0,0
EG30501WA2S99NEW,0,0,0,0,0,2,0,0,0,0,0,0,5,0,0,0,0,0,0,2,0
EG30501WA3S99NEW,0,0,0,0,0,1,0,0,0,0,0,0,4,0,0,0,0,0,0,1,0
EG30501WA4S99NEW,0,0,0,0,0,13,16,0,0,0,0,0,18,29,0,0,0,0,0,7,8
EG40107BM0099,0,0,0,0,0,0,0,0,0,0,1,0,0,0,0,0,0,0,0,0,0
EG6472891M,0,0,0,0,0,149,1131,0,0,0,0,0,156,1279,0,0,0,0,0,45,415
EG6M918452M,0,0,0,0,0,207,31,0,0,0,0,0,208,32,0,0,0,0,0,73,12
HA0101,36,121,48,207,319,343,5,59,188,75,350,545,513,7,26,69,24,142,190,185,2
HA0153,36,7,3,3,1,1,0,94,9,5,4,2,1,0,22,5,3,2,0,0,0
HA0165C1,5,0,0,0,0,0,0,7,0,0,0,0,0,0,3,0,0,0,0,0,0
HA0167C1,18,0,1,0,0,0,9,19,0,1,0,0,0,9,3,0,0,0,0,0,3
MA0192,0,0,0,0,0,0,0,0,0,0,0,0,0,5,0,0,0,0,0,0,0
SC0143B1,0,0,0,0,0,0,1,0,0,0,0,0,0,2,0,0,0,0,0,0,1
SC0161B1,0,0,0,0,0,0,0,0,0,1,1,0,0,0,0,0,0,0,0,0,0
SE0105,3867,2599,2179,2308,3587,1345,425,6593,4235,3774,3521,5677,2434,830,2036,1305,1143,1242,1967,704,211
ماكينة حلاقة Nova,0,0,0,0,0,0,0,0,0,0,1,0,0,0,0,0,0,0,0,0,0